titulo,url,texto,artigo_completo
TEA na educação infantil: inclusão e afetividade na prática docente,https://diversa.org.br/artigos/tea-educacao-infantil/,"O artigo apresenta estratégias que podem apoiar o desenvolvimento escolar de estudantes com Transtorno do Espectro Autista. O texto destaca que o TEA envolve diferentes formas de interação social, comunicação e comportamento, exigindo que a escola observe o estudante de maneira individualizada. Também reforça a importância de recursos pedagógicos, planejamento, rotina, acolhimento e práticas que favoreçam a participação do estudante com TEA na sala comum, evitando sua exclusão das atividades escolares.","Renata Pantaleão Ubugata Publicado em 03/10/2022
Artigo traz a importância da qualificação docente e da afetividade para o desenvolvimento infantil na primeira etapa da educação

A educação é um direito de todos, sem distinção de qualquer tipo. Sendo assim, é um direito garantido por leis, que devem ser respeitadas, incentivadas e praticadas por todos os envolvidos, sem preconceitos, discriminação ou qualquer ato que possa prejudicar a prática pedagógica, bem como o processo de ensino-aprendizagem.

A educação inclusiva vem crescendo a cada ano em nosso país. De acordo com o Censo Escolar de 2020, 88% dos estudantes com deficiência estão matriculados em escolas inclusivas. Por conta disso, os olhares e os estudos no tema estão aumentando, beneficiando a prática pedagógica.

Este artigo, apesar de focar em estudantes com autismo, traz ferramentas que são inerentes a uma educação na perspectiva inclusiva, o que significa que podem ser usadas para todos os estudantes.

Transtorno do Espectro Autista
Estima-se que, atualmente, 1% da população mundial tenha Transtorno do Espectro Autista (TEA), conforme dados da Organização Mundial da Saúde (OMS). Graças a pesquisas e avanços tecnológicos, tanto nas áreas de neurologia quanto de psicologia, é possível haver um diagnóstico cada vez mais cedo e, com isso, garantir que os tratamentos e as intervenções se iniciem o quanto antes, ajudando no desenvolvimento pleno da pessoa com TEA.

As crianças e jovens com autismo têm três ambientes principais de convívio: o lar, juntamente com seus familiares; a clínica ou consultório, onde as terapias e intervenções são realizadas por um especialista ou por uma equipe multidisciplinar; e a escola, com os colegas e educadores.

Para que o professor auxilie o desenvolvimento de seu estudante e efetivamente o inclua em sua turma e no ambiente escolar, surge a dúvida: como a formação continuada e a afetividade auxiliam educadores no processo de inclusão da criança com Transtorno do Espectro Autista na educação infantil?

Legislação inclusiva
De maneira bastante abrangente, a legislação brasileira assegura às pessoas com deficiência seus direitos como cidadãos conscientes e participativos na sociedade.

A Lei Brasileira de Inclusão (LBI) é destinada a assegurar e a promover, em condições de igualdade, o exercício dos direitos e das liberdades fundamentais, visando sua inclusão social e cidadania. Dentre os principais direitos estão: direito à vida; direito à saúde; direito à educação; direito ao trabalho; direito à previdência social, entre outros.

Exclusivamente para as pessoas com TEA, há a Lei Berenice Piana (Lei 12.764/12), que instituiu a Política Nacional de Proteção dos Direitos da Pessoa com Transtornos do Espectro Autista, que admite o TEA como uma deficiência e, com isso, reconhece os direitos previstos por lei para as pessoas com algum tipo de deficiência também a essa população.

Leia mais 

+ Iniciativa lança recomendações de políticas públicas para ensino inclusivo

Se delimitarmos a pesquisa especificamente para a área da educação na cidade de São Paulo, por exemplo, temos ainda a Portaria nº 8.764, de 23/12/2016, que regulamenta o Decreto nº 57.379/2016, que por sua vez, institui no Sistema Municipal de Ensino a Política Paulistana de Educação Especial na Perspectiva da Educação Inclusiva. Dentre os principais serviços de educação especial ofertados destacamos o Atendimento Educacional Especializado (AEE) e o Centro de Formação e Acompanhamento à Inclusão (CEFAI).

Quanto ao AEE, no que se refere à educação infantil, é possível destacar o seguinte trecho da Portaria nº 8.764:

Art. 25 – A oferta do AEE na educação infantil deverá considerar o disposto na Nota Técnica Conjunta N° 02/2015/MEC/SECADI/DPEE/SEB/DICEI, de 04 de agosto de 2015, que trata de “Orientações para a organização e oferta do Atendimento Educacional Especializado na Educação Infantil”.

§ 1º – O atendimento educacional especializado aos bebês e crianças público-alvo da Educação Especial será feito, preferencialmente, no contexto da Unidade Educacional e em seus diferentes espaços educativos, não substituindo as experiências oferecidas para todos os bebês e crianças, de acordo com as propostas pertinentes ao currículo da infância.

§ 2º – A organização do AEE na Educação Infantil demandará a articulação entre o professor de referência do agrupamento/turma e o professor responsável pelo AEE, que, de forma colaborativa e articulada, observam e discutem:

a) as necessidades e potencialidades dos bebês e crianças público-alvo da Educação Especial;

b) as formas de promoção da estimulação necessária para a aprendizagem e desenvolvimento dos bebês e crianças com deficiência;

c) a definição de estratégias e recursos pedagógicos e de acessibilidade que removam as barreiras encontradas neste processo, bem como favoreçam o acesso deste público a todas as experiências educacionais, assim como sua interação no grupo e sua plena participação;

d) as atividades próprias do AEE articuladas ao currículo da infância.

§ 3º – Para os bebês e as crianças de 0 a 3 anos, matriculadas nos Centros de Educação Infantil – CEIs, CEMEIs e EMEIs, e para as crianças de 4 a 5 anos, matriculadas em EMEIs ou CEMEIs em período integral, o AEE deverá ser realizado no seu horário de frequência à unidade educacional, com atuação colaborativa entre os professores responsáveis pelo AEE colaborativo ou itinerante e os demais profissionais da U.E.

§ 4º – As crianças de 4 e 5 anos com matrícula na EMEI ou no CEMEI, em período parcial, poderão ser encaminhadas para o AEE no contraturno escolar, após avaliação pedagógica/estudo de caso que indique não ser possível o atendimento nas formas previstas nos incisos I e III do art. 23, utilizando como critério a necessidade específica da criança em relação às atividades próprias do AEE elencadas no art. 22.
(SÃO PAULO, 2016).

Do ponto de vista legal e teórico, a educação inclusiva é uma realidade na cidade de São Paulo, pois essas leis garantem o acesso à educação para todos. A gestão pública, por meio dos órgãos competentes, disponibiliza para a população o espaço, os profissionais e os recursos para o atendimento especializado das crianças e jovens com deficiência.

Contudo, a formação continuada e a afetividade são aliadas imprescindíveis para que a educação inclusiva aconteça de fato.

Formação continuada
De acordo com a Lei nº 9.394/96, a formação em pedagogia (licenciatura ou graduação) é o passo inicial para quem deseja atuar na educação infantil, conforme estabelecido pelos artigos 62 e 64.

A educação infantil é uma das áreas de atuação em que se faz necessário formação continuada e o aprimoramento intelectual constante dos profissionais, tendo em vista que estes profissionais trabalham diretamente o desenvolvimento humano em sua fase mais importante: a primeira infância.

O documento “Padrões Básicos de Qualidade da Educação Infantil Paulistana”, da Secretaria Municipal de Educação de São Paulo, evidencia essa necessidade:

Entretanto, a formação inicial dos docentes e gestores deve ser assegurada pela formação continuada em serviço, que atenda a real necessidade desses profissionais, possibilitando que ampliem seus conhecimentos, reflitam sobre suas ações, redimensionem sua prática para que o trabalho se efetive, garantindo a qualidade do atendimento, do aprendizado e do desenvolvimento das crianças de zero a cinco anos.

Nesse sentido, a formação continuada dos docentes e gestores favorecerá a construção de práticas pedagógicas que desenvolvam a autonomia, a criatividade e imaginação dos bebês e crianças, considerando que são sujeitos potentes e capazes, que requerem e merecem educadoras e educadores sensíveis e disponíveis às culturas infantis e singularidades vivenciadas no cotidiano.
(SÃO PAULO, 2015).

A formação continuada é uma condição necessária para que os educadores possam prestar o melhor atendimento aos seus estudantes e, ainda, desconstruírem mitos e preconceitos persistentes na sociedade.

Além disso, todo conhecimento relacionado ao TEA e à educação inclusiva, adquirido por meio de estudos e pesquisas, auxilia na ampliação do repertório de práticas docentes que podem trazer muitos benefícios para alunas e alunos.

A educação com a perspectiva inclusiva entende a singularidade do aluno e utiliza de uma didática adequada, tanto no trato com as famílias, que muitas vezes tem dificuldade de entender a deficiência, como nas propostas pedagógicas que visam os alunos com e sem deficiência.
(SILVESTRE, São Paulo, 2018).

Os docentes que estiverem capacitados para acolher e contribuir para o desenvolvimento de seus estudantes auxiliarão não apenas na formação de um cidadão, mas também de uma sociedade melhor e mais inclusiva.

Afetividade no processo de desenvolvimento
A afetividade no processo de desenvolvimento cognitivo humano é evidenciada por autores de áreas de estudo distintas como: educação, psicologia e filosofia. Dentre os principais teóricos da afetividade na educação estão Jean Piaget (1896 – 1980), Lev Vygotsky (1896 – 1934) e Henri Wallon (1879 – 1962), cujas teorias têm em comum o ambiente e a socialização como fatores fundamentais para o desenvolvimento e aprendizagem. De acordo com Kochhann e Rocha (2015):

Piaget (2004, p. 34) que “nunca há ação puramente intelectual, assim como também não há atos que sejam puramente afetivos”. Nessa perspectiva, o autor acredita que afetividade e cognição sejam indissociáveis, e que o homem age ao ser motivado, de acordo com a sua moral, podendo ter influências do meio em que vive. Do mesmo modo que a aprendizagem se dá a partir de um processo de acomodação e assimilação, e a afetividade é a energética que impulsiona as ações, tendo como suporte a razão.
(KOCHHANN, ROCHA, 2015, p. 528).

Para Vygotsky, o desenvolvimento humano se estabelece, principalmente, por meio das relações sociais do indivíduo, considerando o histórico e a cultura. É a chamada teoria Sociointeracionista. Outro importante legado deixado por Vygotsky para a Educação é o conceito de Zona de Desenvolvimento Proximal:

ZONA DE DESENVOLVIMENTO PROXIMAL é: a distância entre o nível de desenvolvimento real, que se costuma determinar através da solução independente de problemas, e o nível de desenvolvimento potencial, determinado através da solução de problemas sob a orientação de um adulto ou em colaboração com companheiros mais capazes.
(VYGOTSKY, 2007, p. 97).

O conceito de Zona de Desenvolvimento Proximal pode ser utilizado em qualquer fase de evolução da criança, tendo ou não alguma deficiência ou transtorno, pois utiliza como base o seu próprio desenvolvimento.

Embora um dos principais comprometimentos causados pelo Transtorno do Espectro Autista seja justamente na interação social, Vygotsky acreditava na inclusão e no desenvolvimento de todos. A crença nas possibilidades do indivíduo e no papel do aprendizado no desenvolvimento dessas possibilidades está bastante explícita nas obras de Vygostky . Assim, ele diz:

“O comportamento atualizado é apenas uma infinitésima parte do comportamento possível. O homem está cheio de possibilidades não realizadas (…)”.
“Todas as crianças podem aprender e se desenvolver… As mais sérias deficiências podem ser compensadas com ensino apropriado, pois o aprendizado adequadamente organizado resulta em desenvolvimento mental”.
(COSTA, 2006 Apud Vygotsky, 1989)

Segundo Mahoney (2012), o conceito de afetividade está diretamente atrelado a cognição e motricidade:

É uma teoria que facilita compreender o indivíduo em sua totalidade, que indica as relações que dão origem a essa totalidade, mostrando uma visão integrada da pessoa, do aluno. Ver o aluno dessa perspectiva põe o processo ensino-aprendizagem em outro patamar porque dá ao conteúdo desse processo – que é a ferramenta do professor – outro significado, expondo sua relevância para o desenvolvimento concomitante do cognitivo, do motor e do afetivo.
(MAHONEY, 2012. p. 10).

A afetividade na educação infantil é um tema de interesse dos teóricos desde o século passado, que atualmente vem sendo estudado também na educação inclusiva e nas intervenções com os estudantes com autismo.

A afetividade não se restringe ao cuidado e carinho com os bebês e as crianças, envolve também paciência e respeito aos processos, olhar atento e escuta ativa às necessidades e empatia. Esses fatores auxiliam a criança a desenvolver confiança e segurança em si mesma e no adulto de referência (mães, pais, responsáveis e educadores). Contribuem também no desenvolvimento psicomotor, cognitivo e social. A afetividade é uma ferramenta importante para o amadurecimento infantil de forma geral, a ser praticada não apenas no ambiente escolar, mas em todos os espaços em que a criança convive, especialmente no ciclo familiar.

Formação continuada para uma sociedade inclusiva
Embora seja notável a melhoria com relação a algumas décadas atrás, as pessoas com deficiência ainda continuam lutando para ter participação plena na sociedade, mesmo com as leis que garantem direitos a elas. Com acesso e participação, em breve, a real inclusão será uma realidade.

Saiba mais 

 + Formação continuada a favor da educação de qualidade para todos 

A sociedade passa por mudanças. Os conceitos e as teorias sobre o desenvolvimento humano mudam. Novas descobertas são feitas nas áreas de neurociência, psicologia, pedagogia, entre outras, e a especialização possibilita ao professor acompanhar essas transformações e estar preparado para elas. Por isso, no campo da educação, a formação continuada é fundamental para a prática docente inclusiva.

Assim como a inclusão, a afetividade é uma ferramenta poderosa, que traz benefícios para a evolução do ser humano, desde a infância até a fase adulta, pois está diretamente ligada ao aprimoramento motor e cognitivo. No caso de pessoas com autismo, auxilia também no desenvolvimento social.

Inclusão, especialização e afetividade são os primeiros passos para atender uma criança com o Espectro na educação infantil, dando-lhe segurança e tranquilidade quanto ao dia a dia dentro da escola.

Leia mais 

+ Estudante de pedagogia com TEA pretende apoiar escolas mais inclusivas
+ Escola pública do Piauí apoia inclusão escolar no ensino médio 

Referências
AMERICAN PSYCHIATRIC ASSOCIATION – APA. Manual diagnóstico e estatístico de transtornos mentais: DSM-5. Porto Alegre: Artmed, 2014.

Centro de Formação e Acompanhamento à Inclusão – CEFAI. Site da Prefeitura Municipal da Cidade de São Paulo, 2009. Disponível em: https://www.prefeitura.sp.gov.br/cidade/secretarias/subprefeituras/noticias/?p=12432>. Acesso em: 17 janeiro 2022.

COSTA, D. A. F. Superando limites: a contribuição de Vygotsky para a educação especial. Rev. Psicopedagogia, Belo Horizonte (MG), v. 23, ed. 72, p. 232-240, 2006.

GENTIL, K. P. G.; NAMIUTI, A. P. S. Autismo na Educação Infantil, Revista Uniara, Araraquara (SP), v. 18, n. 2, p. 176-185, dezembro 2015.

KOCHHANN, A.; ROCHA, V. A. S. Afetividade no processo ensino-aprendizagem na perspectiva de Piaget, Vygotsky e Wallon. Educação e Linguagem: (Re) Significando o Conhecimento, Inhumas (GO), v. 2, n. 1, p. 524-533, junho 2015.

BRASIL. Lei nº 9.394, de 20 de dezembro de 1996. Estabelece as diretrizes e bases da educação nacional. Diário Oficial da República Federativa do Brasil, Brasília, 21 dezembro 1996.

BRASIL. Lei nº 12.764, de 27 de dezembro de 2012. Institui a Política Nacional de Proteção dos Direitos da Pessoa com Transtorno do Espectro Autista; e altera o § 3º do art. 98 da Lei nº 8.112, de 11 de dezembro de 1990. Presidência da República / Casa Civil / Subchefia para Assuntos Júridicos. Diário Oficial da República Federativa do Brasil, Brasília, 28 dezembro 2012. Disponível em: http://www.planalto.gov.br/ccivil_03/_Ato2015-2018/2015/Lei/L13146.htm. Acesso em 17 janeiro 2022.

BRASIL. Lei nº 13.146, de 6 de julho de 2015. Institui a Lei Brasileira de Inclusão da Pessoa com Deficiência (Estatuto da Pessoa com Deficiência), Brasília, DF, 2015. Disponível em: http://www.planalto.gov.br/ccivil_03/_Ato2015-2018/2015/Lei/L13146.htm; acesso em 17 janeiro 2022.

MAHONEY, A. A.; ALMEIDA, L. R. Henri Wallon: Psicologia e Educação, Ed. Loyola, 11ª ed., São Paulo, 2012, 87 p.

SANTOS, F. M. A importância da afetividade no processo de ensino e aprendizagem como mediadora da práxis educativa no ensino superior, Revista UNI, Imperatriz (MA), ano 2, n. 2, p. 111-122, janeiro/julho 2012.

SÃO PAULO. Secretaria Municipal de Educação. Diretoria de Orientação Técnica. Padrões básicos de qualidade da Educação Infantil Paulistana: orientação normativa nº 01/2015 / Secretaria Municipal de Educação. São Paulo: SME/DOT, 2015.

SÃO PAULO. Portaria nº 8.764, de 23 de dezembro de 2016. Regulamenta o Decreto nº 57.379, de 13 de outubro de 2016. São Paulo, 2016.

SÃO PAULO. Secretaria Municipal de Educação. Coordenadoria Pedagógica. Currículo da Cidade: Educação Infantil. São Paulo: SME / COPED, 2019.

SILVESTRE, C. A. S. C. Roda rítmica e transtorno do espectro autista: movimento, música e poesia no desenvolvimento do aluno com deficiência. Ensaios sobre Educação, São Paulo (SP), v. 4, 1 ed., p. 20-26, 2018.

STRAVOGIANNIS, A. L. Autismo: um olhar por inteiro, Ed. Literare Books International, São Paulo, 2021, p. 336.

VYGOTSKY, L. S. A Formação Social da Mente: o Desenvolvimento dos Processos Psicológicos Superiores. São Paulo, Ed. Martins Fontes, 2007, 224 p.

Renata Pantaleão Ubugata é pedagoga pelo Centro Universitário São Camilo, pós-graduada em Educação Infantil pela Faculdade Venda Nova do Imigrante – FAVENI e professora de Educação Infantil na rede conveniada da Secretaria Municipal de Educação de São Paulo. 

Este artigo é de responsabilidade da autora e não representa, necessariamente, a opinião do Instituto Rodrigo Mendes. 

©️ Instituto Rodrigo Mendes. Licença Creative Commons BY-NC-ND 2.5. A cópia, distribuição e transmissão dessa obra são livres, sob as seguintes condições: você deve creditar a obra ao seu autor, sendo licenciada por Instituto Rodrigo Mendes e DIVERSA. "
Ferramentas para o desenvolvimento escolar de estudantes com TEA,https://diversa.org.br/artigos/ferramentas-para-o-desenvolvimento-escolar-de-estudantes-com-tea/,"O artigo aborda estratégias para apoiar a aprendizagem de estudantes com Transtorno do Espectro Autista (TEA), destacando a importância de identificar sintomas individuais e possíveis comprometimentos cognitivos ou de linguagem. O texto enfatiza o uso do Plano Educacional Individualizado (PEI), a parceria entre escola e família, e a necessidade de práticas pedagógicas funcionais e flexíveis para promover a autonomia e o desenvolvimento das potencialidades de cada aluno.","Emanoele Freitas Publicado em 03/04/2023
Em comemoração ao Dia Mundial da Conscientização do Autismo, especialista aborda estratégias que apoiam a aprendizagem de estudantes com TEA

O Transtorno do Espectro Autista (TEA) é um transtorno neurobiológico que afeta atualmente cerca de 70 milhões de pessoas no mundo, segundo a Organização Mundial de Saúde (OMS). No Brasil, a estimativa é que 2 milhões de pessoas sejam afetadas. 

No autismo, de acordo com a Classificação Internacional de Doenças (CID-11) da OMS (versão mais atualizada de 2018), muitas questões para o diagnóstico foram alteradas e orientações para os profissionais foram acrescentadas. 

Na classificação, para o diagnóstico deve-se ter a priori os sintomas específicos do transtorno, sendo eles: interação social prejudicada; padrões repetitivos e estereotipados; e padrões restritos de linguagem verbal e não verbal.  

Além disso, foram acrescentadas subdivisões, o que trouxe muito debate e muitos questionamentos. Mas, no ponto central de identificação individual dos sintomas, as subdivisões vieram elucidar muitos conceitos, inclusive para o processo educacional, facilitando principalmente o planejamento para um processo pedagógico funcional. As subdivisões incluem prejuízos na linguagem funcional ou deficiência intelectual.  

A educação inclusiva na prática 
Quando iniciamos um processo educacional para uma pessoa com deficiência, não somente a estudantes com autismo, as informações sobre o comportamento e características do estudante são de extrema importância para o professor de sala comum, professores do Atendimento Educacional Especializado (AEE) e toda equipe escolar. 

No processo de análise do estudante com autismo, o que se caracteriza é se a criança possui ou não o comprometimento cognitivo e, a nível escolar, permite direcionar os profissionais de educação, por exemplo, a como planejar as estratégias pedagógicas e como construir materiais pedagógicos acessíveis para uso na sala comum e na sala de recursos multifuncional. 

Leia mais 

 + Boneco incentiva alimentação saudável de forma lúdica 

A maior parte dos autistas tem, em uma fase da vida, o comprometimento na linguagem verbal, conforme aponta a OMS. É muito comum a criança falar palavras soltas e repetidas, processo conhecido como ecolalia, onde são ditas palavras ou frases repetidas sem a função de se comunicar. Isso pode apresentar a desregulação emocional da pessoa por não conseguir se fazer entender pelos demais. 

Ao atuar com alunas e alunos nesse estágio, é importante realizar dinâmicas de ensino com atividades que trabalhem diferentes maneiras de comunicação, como visão e gestos, mas desenvolvendo aos poucos a fala da criança. Outro ponto fundamental é fazer com que todos se sintam confortáveis, principalmente utilizando materiais, objetos e assuntos de interesse do estudante. 

As dicas apresentadas devem sempre ser levadas em conta com a realidade dos estudantes e da escola. 

Parceria no processo de ensino
O trabalho realizado por todos os envolvidos no processo de inclusão da criança e adolescente é único, já que deve ser respeitada as singularidades existentes na sociedade. Para que a evolução seja constante e contínua, o preenchimento do Plano Educacional Individualizado (PEI) é fundamental para detalhar as informações e permitir que sejam elaboradas estratégias pedagógicas assertivas de acordo com as dificuldades e habilidades de determinado estudante. 

Saiba mais 

+ O plano educacional individualizado (PEI) e o sistema escolar de avaliação classificatória 

Aliado ao PEI, a parceria entre escola e família se torna ponto determinante para a evolução do estudante, e possibilita o desenvolvimento da autonomia dentro e fora da escola. 

A fim de chegar a esse objetivo, o processo educacional da pessoa com autismo e de qualquer outra criança não pode seguir uma grade curricular engessada. O ensino deve ser funcional, individual, focado na realidade do estudante e da escola, mas isso é responsabilidade de todos: da família, da escola e, também, da comunidade escolar. 

Quando o processo de ensino é baseado numa grade curricular engessada, a primeira coisa que se escuta é sobre a escola não estar preparada ou não possuir profissionais qualificados para determinada situação. Não se pode levar isso como uma verdade, o profissional da educação se prepara durante anos para atuar em sala, mas não há ainda uma conscientização da diversidade encontrada na escola, só existe a descrição de um único caminho a ser seguido e o resultado esperado. 

Conhecimento para a inclusão
O processo de ensino pedagógico tem uma sequência neurocognitivo (práxios, gnósicos, atenção, memória, pensamento e linguagem) que acontece com a maior parte da população, mas esse mesmo processo não segue uma linha igual para todos os seres humanos. Por conta disso, sempre haverá a necessidade de os educadores trabalharem de forma mais específica com seus estudantes, e as formações continuadas vem para elucidar e apoiar educadores e gestores na busca por uma educação inclusiva. 

Em todo esse contexto é de suma importância a continuidade das atividades de conscientização, como acontece no Dia Mundial da Conscientização do Autismo, celebrado em 2 de abril. 

Ao longo desses anos muito se evoluiu nas divulgações de informações e atividades voltadas a quebrar os tabus, mitos e preconceitos relacionados ao autismo, confortando milhares de famílias e possibilitando a plena participação de todas as pessoas em diversas áreas da sociedade. 

Quanto mais se falar, conhecer, divulgar sobre o autismo e sobre educação inclusiva, mais possível será a inclusão na prática, desde a matrícula na escola até o pleno desenvolvimento das potencialidades de cada um. 

Leia mais 

+ Compartilhe sua prática pedagógica inclusiva com educadores de todo o mundo
+ Boneco incentiva alimentação saudável de forma lúdica 

Emanoele Freitas é professora da educação especial, neurocientista, psicanalista clínica, com especialização em autismo pela Universidade UC DAVIS da Califórnia e em TDAH pela Universidade John Hopkins. Entre os livros lançados está “Transtornos do Neurodesenvolvimento: Conhecimento, Planejamento e Inclusão Real”, da editora Wak. 

Este artigo é de responsabilidade da autora e não representa, necessariamente, a opinião do Instituto Rodrigo Mendes. 

©️ Instituto Rodrigo Mendes. Licença Creative Commons BY-NC-ND 2.5. A cópia, distribuição e transmissão dessa obra são livres, sob as seguintes condições: você deve creditar a obra a sua autora, sendo licenciada por Instituto Rodrigo Mendes e DIVERSA."
O que é Transtorno do Déficit de Atenção e Hiperatividade (TDAH)?,https://diversa.org.br/artigos/o-que-e-transtorno-do-deficit-de-atencao-e-hiperatividade-tdah/,"O artigo explica o Transtorno do Déficit de Atenção e Hiperatividade (TDAH), caracterizado por desatenção, hiperatividade e impulsividade, e seu impacto no desempenho escolar. O texto enfatiza a importância de um diagnóstico clínico especializado, da colaboração entre escola e família e do uso de terapias, medicação e atividades físicas para apoiar o desenvolvimento e a inclusão dos estudantes.","Priscila Romero Publicado em 13/07/2023
Dia 13 de julho é marcado como o Dia Mundial de Conscientização do Transtorno do Déficit de Atenção e Hiperatividade (TDAH). A data foi estabelecida pela Organização das Nações Unidas (ONU) com o intuito de promover uma reflexão sobre o transtorno em si e as consequências que pode causar a crianças, adolescentes e adultos. 

O Transtorno do Déficit de Atenção e Hiperatividade está classificado pelo Manual Diagnóstico e Estatístico de Transtornos Mentais (DSM-V), da Associação Americana de Psiquiatria (2014), como um Transtorno do neurodesenvolvimento. Tem como principais características: desatenção, hiperatividade e impulsividade. 

Segundo a Associação Americana de Psiquiatria, o TDAH é considerado um dos fatores mais prejudiciais à escolarização de crianças e adolescentes, tendo em visa que afeta cerca de 5% da população em idade escolar. Cerca de 80% desses indivíduos sofre com dificuldades de aprendizagem durante sua vida acadêmica, sendo a evasão escolar um acontecimento frequente. 

 Dentro das instituições escolares, ouvimos muito falar em crianças agitadas e sem limites, que, equivocadamente, acabam recebendo o “rótulo” de hiperativas, fazendo referência ao transtorno. Por conta disso, é necessário destacar que nem todas as crianças mais agitadas ou desatentas possuem o transtorno. 

 Embora alguns estudantes apresentem características parecidas em uma determinada época de suas vidas, eles podem estar passando por outras questões (como perda de um ente querido; separação dos pais; falta de atenção de algum de seus responsáveis; ausência de papéis parentais; mudança de casa, de escola; inadequação à metodologia utilizada pela escola; pedagogia extremamente tradicional; recebimento de conteúdos inadequados ao seu potencial de desenvolvimento real). 

 Leia mais 
+ A relação entre evasão escolar e acessibilidade ambiental
+ Caso de aluno com Síndrome de Down e déficit de atenção provoca mudanças em rede de ensino 

Diagnóstico 
O neurologista José S. Schwartzman chama atenção para esse ser um transtorno complexo e difícil de ser diagnosticado, considerando o comportamento cauteloso que o indivíduo com TDAH pode apresentar dentro de um consultório, frente a um profissional desconhecido. 

Além disso, não há exames físicos que o detectam, dessa maneira é identificado por observação clínica. Devido a isso, há a necessidade de um profissional experiente (neuropediatra ou psiquiatra infantil).  

Ao longo dos anos, foram desenvolvidos alguns testes específicos que podem rastrear o transtorno; dentre eles, destaco: Child Behavior Cheklist (CBCL); Escala Conners (Brasil, validada por Barbosa, 1997); SNAP-IV; Escala de TDAH (Benczik, 2000); Escala Comportamental para Pré-Escola e Jardim de Infância; Escala Conners de Avaliação para Pais; Inventário para Crianças Pequenas-4; versão de Lista de Conferência de Comportamentos para Crianças.

É importante salientar que, para ser caracterizado como TDAH, é preciso que o indivíduo apresente os sintomas há mais de seis meses ininterruptos e em diversos ambientes, como casa, escola e trabalho. 

Entretanto, vale ressaltar que se algumas questões se apresentam depois de 12 anos de idade, não se trata de TDAH, sendo que este começa a se manifestar desde a primeira infância, sendo mais notável quando a criança inicia a escolarização. Por conta disso, a relação entre escola e família é importante, uma vez que os sintomas devem ser observados por educadores e familiares, na escola e em casa. 

Saiba mais 
+ Como as famílias favorecem a educação inclusiva? 

Neurodiversidade
Existem três subtipos do Transtorno do Déficit de Atenção e Hiperatividade: 

predominantemente desatento;  predominantemente hiperativo-impulsivo;  tipo combinado (desatento e hiperativo-impulsivo).  
Dessa forma, percebemos que não é regra todas as características se apresentarem juntas em um mesmo indivíduo. Normalmente, nas meninas, a desatenção prevalece. Enquanto nos meninos a hiperatividade (agitação motora, fala alta e em demasia) é acentuada. 

Diversos estudos afirmam que indivíduos com TDAH sofrem com alterações na região frontal do cérebro, em seus neurotransmissores. Portanto, suas conexões cerebrais funcionam de forma diferenciada, havendo menor controle sobre as funções superiores – pensamento, organização, comparação, classificação e análise. 

Sendo assim, controlar a fala, a agitação motora e a impulsividade, tornam-se tarefas extremamente difíceis para quem tem TDAH. É o que diversos estudiosos chamam de prejuízo no “mecanismo de inibição do comportamento”. Importante ressaltar que não se trata de falta de educação ou falta de limites, mas, sim, de um processamento cerebral diferente dos demais indivíduos.  

Todos os impactos causados pelo transtorno refletem no processo ensino-aprendizagem, prejudicando não só a apreensão e o domínio do conhecimento como, também, o relacionamento com seus pares. 

O tratamento do TDAH
Estudiosos do transtorno comentam pouco sobre a hiperatividade mental. No entanto, trata-se de uma frequente agitação mental que ocasiona abstrações variadas, pensamentos rápidos, concorrendo à impulsividade e à mudança de assuntos sem mesmo terem sido findados. 

Essa agitação cerebral muitas vezes causa cansaço mental, exaustão e fadiga, o que para muitos pode ser visto e entendido como preguiça. Consequentemente, ocorre a insônia e outras situações não desejadas. 

Indivíduos com TDAH não tratado podem apresentar grande sofrimento devido à baixa autoestima que desenvolvem ao longo de sua jornada acadêmica, profissional e relacional. 

Além de medicação apropriada para os sintomas do TDAH, é de grande relevância que a criança ou adolescente seja acompanhado por terapias que o façam refletir sobre seu comportamento, melhorando no dia a dia seu entendimento sobre si mesmo e suas ações. 

Os esportes também são excelentes, principalmente para as crianças. Ou seja, as atividades físicas gastam energia excessiva e ajudam a melhorar a socialização, uma vez que exigem disciplina dos participantes. Assim elas trabalham regras que devem ser compreendidas e obedecidas. Na escola, as aulas de educação física, por exemplo, com diferentes atividades, entre esportes e brincadeiras, ajudam a gastar energia e na interação dos estudantes. 

Leia mais 
+ Projeto “Brincadeiras de quintal” auxilia aprendizagem em educação física 

Pouco a pouco percebemos que o Transtorno do Déficit de Atenção e Hiperatividade supera a descrença dos leigos, provando se tratar de um processamento cerebral diferenciado que afeta crianças, adolescentes e adultos de forma significativa. Enfim, uma realidade que precisa ser estudada, discutida e normatizada para que todas as pessoas alcancem méritos com dignidade e igualdade de oportunidades. 

Priscila Romero é especialista em orientação educacional e pedagógica, educação especial na perspectiva da educação inclusiva e educação especial com ênfase em autismo. Autora do livro “O Aluno TDAH”, da Wak Editora. 

Este artigo é de responsabilidade do autor e não representa, necessariamente, a opinião do Instituto Rodrigo Mendes. 

©️ Instituto Rodrigo Mendes. Licença Creative Commons BY-NC-ND 2.5. A cópia, distribuição e transmissão dessa obra são livres, sob as seguintes condições: você deve creditar a obra ao autor, licenciada por Instituto Rodrigo Mendes e DIVERSA.   "
Como a escola pode lidar com os diagnósticos mentais na infância,https://diversa.org.br/artigos/como-a-escola-pode-lidar-com-os-diagnosticos-mentais-na-infancia/,"O artigo explica o Transtorno do Déficit de Atenção e Hiperatividade, conhecido como TDAH, destacando características como desatenção, hiperatividade e impulsividade. No contexto escolar, o texto aponta que essas características podem interferir na concentração, organização e realização das atividades. A abordagem inclusiva exige que a escola não reduza o estudante ao diagnóstico, mas busque estratégias pedagógicas, combinados claros, flexibilização de propostas e formas de apoiar sua participação e aprendizagem.","Patrícia de Brito Publicado em 19/04/2019
De tempos em tempos, um novo quadro clínico surge e, com ele, uma série de normas de comportamento e manuais de tratamento — um fenômeno que exige de todos cautela e calma

Ai os meus bigodes… É tarde, é tarde até que arde… Ai, ai, meu Deus, alô, adeus, é tarde, tarde é tarde. Não, não, não, eu tenho pressa, pressa… Ai, ai, meu Deus, alô, adeus, é tarde, é tarde, é tarde!

Coelho Branco da Alice

Dentro do contexto clínico com crianças e suas famílias, os fenômenos que se observam hoje nos diversos lugares em que uma criança está são atravessados pela concepção de tempo e espaço que se possui e como diagnósticos de Transtorno do déficit de atenção com hiperatividade (TDAH) e “distúrbios da atenção” podem se relacionar com esses conceitos.

Ainda nos tempos atuais se faz necessário um esforço para compreensão da lógica infantil que, claro, não é a mesma do sujeito adulto, mesmo este trazendo em sua bagagem existencial um “resto” infantil. Essa lógica da criança não contempla o tempo da mesma maneira que o adulto, com sua pressa habitual, seja pelo motivo que for: demandas externas ou internas. Com essa consideração, convido você a uma tentativa de compreender o que chamamos de sintomas na dinâmica de um sujeito, criança ou adulto.

Leia também:
+ Laudo médico: clássico entrave para apostas em altas expectativas
+ Na educação inclusiva, a pessoa vem antes da deficiência

Na clínica da infância, conforme aponta a obra “Clínica com crianças – Enlaces e Desenlaces”, nota-se que “uma criança pode ser trazida para análise quando padece das mais diversas formas de alterações das funções corporais, de comportamento ou de expressão simbólica que, por excesso ou falta, produzem um incômodo”. Esse “incômodo” é justamente onde está a demanda e, portanto, poderá ser o conteúdo a ser trabalhado. E ele pode pertencer à própria criança, aos pais, à escola ou a todos.

É muito importante no trabalho de identificação dos fenômenos que uma criança apresenta poder justamente selecionar de quem é essa demanda. Nem sempre quem necessita de acompanhamento é ela apenas, pois muitas vezes o sintoma é a manifestação, o sinal de que algo não vai bem. Sendo assim, os focos podem ser outros além dela.

Sinais na escola
Costumeiramente, os primeiros sinais que surgem quando há algo que não vai tão bem assim com uma criança aparecem na escola. Não à toa, afinal lá é o lugar onde uma criança permanece a maior parte de seu tempo. É lá que ela vivencia suas experiências coletivas fora da família (quando pode, pois há muitas situações em que irmãos estudam na mesma escola e no mesmo período), então é natural que seja o lugar em que apareçam tanto as facilidades como as dificuldades, tanto de ordem social quanto de ordem afetiva e de aprendizagem.

Penso que, por vezes, cometemos um equívoco ao pensar que as dificuldades de aprendizagem, e aqui já incluo a questão atencional, se relacionam com aspectos intelectuais apenas. Mesmo as crianças que são diagnosticadas com esse quadro mostram suas habilidades transformadas diante de um processo de investimento.

Situar o contexto clínico na área da infância tem sido um dos desafios que nós, profissionais da saúde mental, muitas vezes em parceria com os colegas da educação, nos deparamos cotidianamente, já que a cada pequeno período surge um novo diagnóstico, que vem atribuído de normas de comportamento e de seus respectivos remédios e manuais de “tratamento”. Há muitos questionamentos sobre os aspectos econômicos que circundam a produção de diagnósticos e todo o complexo sistema que os envolve. Seara de Babel, o campo dos diagnósticos mentais na infância exige de todos um tanto de cautela, cuidado e calma.

O lugar do tempo e do espaço
O melhor exemplo clínico é a própria clínica. Então vou utilizar aqui um fragmento que serviu de base para as reflexões apresentadas.

A partir da indicação de outro profissional de saúde, conheci Branca, mãe de Alice. Mãe solo, com histórico de violência psicológica do ex-companheiro e pai de Alice, pouco percebia que havia sido vítima. Narrava sua trajetória como quem conta uma ida à feira. Rápida, já no contato telefônico, avisa que “o tempo lhe era caro, portanto tentaria que achar ‘um tempo’ pra nos encontrarmos e falarmos de Alice”. Esse fragmento basta pra que possamos identificar o que nesse texto nos interessa: o lugar do tempo e do espaço ocupado na dinâmica dessa dupla. Uma ressalva, (em tempo!) a dupla mãe/criança é de suma importância, dado que muitas vezes ela serve de matriz para a forma como uma criança — desde bebê — vai se relacionar com o mundo e com as pessoas que habitam esse mundo.

Alice era inquieta, muito inteligente, impaciente, impulsiva, hipersensível à crítica, atenta apenas ao que lhe interessava e apressada. Nos primeiros encontros com ela, após vários com a mãe, ao menos umas oito ou nove brincadeiras eram iniciadas e incessantemente ela me pedia mais coisas: objetos, materiais, livros. Enfim, a pressa associada à sua incompletude. Um buraco que não podia aparecer. Com o decorrer das sessões, pode dizer, mais calma, após vários dias em que tentamos acolher e barrar a pressa, de sua necessidade de “ter mais tempo com a mamãe”. Alice e Branca, ambas na mesma pressa para não olhar para algo que marcava uma falta, um buraco de acolhimento.

Tempo para a descoberta
Na escola Alice teve uma boa melhora nos momentos em que estava com outros colegas, em aceitar que há coisas que não sabia (única maneira de aprender) e em esperar. Um diagnóstico feito em meia hora, no máximo uma, onde está envolvido todo um sistema de condutas terapêuticas e medicamentosas, sem o tempo para a descoberta de aspectos constitutivos e subjetivos implícitos na relação que uma criança estabelece com seu estar no mundo, me parece precipitado e, por que não dizer, apressado.

Então, diante de questões sobre como lidar com crianças que apresentam sinais de que algo não vai bem, lembrar que cada criança traz em si uma história, uma possibilidade de vínculo e uma existência singular pode ajudar na tentativa de realizar uma maior aproximação e compreensão do significado de seus sintomas. Buscar parceria com profissionais que tenham capacidade de escutar e trocar impressões sobre as complexidades do crescimento de uma criança também. Adotar uma postura de parceria e compreensão com a família pode produzir um traço de confiança e expandir as possibilidades de aprendizagem para muito além de um (ou mais) diagnóstico.

Patrícia de Brito é psicóloga e mediadora do DIVERSA presencial, formação oferecida pelo Instituto Rodrigo Mendes para profissionais envolvidos com o processo de escolarização de estudantes público-alvo da educação especial em escolas comuns.

© Instituto Rodrigo Mendes. Licença Creative Commons BY-NC-ND 2.5. A cópia, distribuição e transmissão dessa obra são livres, sob as seguintes condições: você deve creditar a obra como de autoria de Patrícia de Brito e licenciada pelo Instituto Rodrigo Mendes e DIVERSA."
Psicomotricidade como recurso para a educação na deficiência visual,https://diversa.org.br/artigos/psicomotricidade-como-recurso-para-a-educacao-na-deficiencia-visual/,"O artigo propõe uma reflexão cuidadosa sobre diagnósticos mentais na infância, incluindo discussões relacionadas ao TDAH e aos chamados distúrbios de atenção. A autora alerta para a necessidade de cautela diante de rótulos e classificações que podem limitar a forma como a escola enxerga a criança. Para a educação inclusiva, é importante compreender o estudante em sua totalidade, observar o contexto, respeitar o tempo da infância e construir práticas pedagógicas que não reduzam a criança ao diagnóstico.","Caroline Lago, Cristiana Crespo e Lucas Bragança Publicado em 18/11/2022
A psicomotricidade é valiosa para a educação em uma perspectiva global, atualmente existe a ênfase dos benefícios dessa ciência para a educação infantil, fase em que as crianças estão aprendendo a ter domínio do seu corpo através dos movimentos, da coordenação motora grossa, fina, tonicidade, equilíbrio etc.

Possuindo uma perspectiva voltada para o entrelace do motor, cognitivo e afetivo, a psicomotricidade se torna importante em uma atuação com indivíduos de qualquer idade e para diversos objetivos, e é essencial no caso de educação inclusiva.

No livro “Guia de Psicomotricidade – Elos psicomotores que promovem vínculos afetivos entre as pessoas”, publicado pela Wak Editora, há uma discussão detalhada do prisma da psicomotricidade diante da deficiência visual.

O desafio da educação para todos requer adaptação técnica e estrutural do profissional ou instituição atuante, com manejo assertivo diante do processo de ensino e aprendizagem, uma vez que, na educação inclusiva, os diversos canais de acesso ao cérebro, como os sistemas tátil, auditivo, gustativo, visual, vestibular e proprioceptivo, necessitam continuar sendo desenvolvidas com tamanha importância ao longo da vida acadêmica, pois há uma necessidade de desenvolver bem todos os sentidos por meio do estímulo desses canais sensoriais.

A “pedagogia do corpo” (Alves, 2016) é fundamental para o desenvolvimento do indivíduo com deficiência visual. O educador pode propor práticas que utilizem o movimento e a adaptação do espaço escolar, garantindo acessibilidade e segurança ao estudante. Esse processo deve se dar de forma acolhedora, com profissionais e ambiente escolar adaptados, além de um trabalho de compreensão e respeito à diversidade.

Movimento no ambiente escolar
O equilíbrio é a base para o movimento e o equilíbrio postural permite a segurança necessária para direcionar a atenção à determinados objetivos. Ele pode ser trabalhado com atividades que proponham estímulos em solo estável e, posteriormente, em solo instável, em segurança e com a ajuda do professor, visando a tríade psicomotora no corpo.

Quando trabalhada, a consciência corporal permite que a pessoa organize e planeje um movimento sem necessariamente utilizar a visão. Por esse motivo, há o estímulo de movimentos amplos, específicos e refinados, com o conhecimento das partes do corpo.

A aquisição da lateralidade acarreta a percepção corporal e do mundo ao redor, com o entendimento de que tem dois lados, direta e esquerda. Essa assimilação é norteadora para o desenvolvimento global e para o meio escolar.

Além dos fatores psicomotores citados, é importante estimular e desenvolver a todo momento as percepções auditiva, tátil e olfativa. A percepção auditiva identifica diferentes pessoas, transportes, animais, percebe distâncias e o tamanho de um local, dentre outros; por meio da percepção tátil, é possível materializar tudo que existe no mundo, o acesso a miniaturas de estruturas que não for possível ser tocado de forma plena com as mãos é um recurso facilitador; a percepção olfativa contribui para que a criança compreenda o mundo, descobrindo o cheiro que as pessoas e os objetos podem ter.

A utilização de jogos para o desenvolvimento integral
No ambiente escolar, o educador tem a oportunidade de oferecer ao estudante experiências psicomotoras que irão facilitar o conhecimento do seu corpo, apoiar o relacionamento com o meio interno e externo com maior segurança, desencadear autonomia e acompanhar os estímulos apresentados.

Para isso, algumas orientações se destacam para trabalhar o corpo de maneira que integre os outros sentidos:

A brincadeira pode ser um dos pontos principais nesse processo, uma vez que a ludicidade facilita um ambiente descontraído e com menos resistência, bem como a música e a dança, sendo a construção da liberdade o maior objetivo para se sentir à vontade, se arriscar e buscar soluções próprias.

Amaral e Hohy (2018) afirmam que “ao permitir a ação intencional (afetiva), a construção de representações mentais (cognição), a manipulação de objetos e o desempenho de ações sensório-motoras (físico) e as trocas nas interações (social)”, os jogos lúdicos contemplam várias áreas formas de representação da criança ou suas múltiplas inteligências, contribuindo para a aprendizagem e o desenvolvimento infantil.

Recursos lúdicos
Além do aprendizado formal, os recursos lúdicos devem ser priorizados, como em atividades musicais, que contemplam muitas habilidades úteis para bases matemáticas, noção espacial, temporal, interpretação, compreensão, regularidades e padrões, desenvolvem o afetivo e relacional.

A criança cega que não brinca perde a oportunidade de receber os estímulos do meio em que está inserida e chega à segunda infância sem adquirir esquemas básicos de ação, podendo apresentar atrasos significativos no seu desenvolvimento psicomotor e, consequentemente, em sua autonomia nas atividades de vida diária (AVDs).

Portanto, estimular essa autonomia também é um fato a ser considerado, pois esses indivíduos necessitam do máximo de autonomia possível para se inserir na sociedade e no cotidiano fora do ambiente escolar.

Conforme o estudante adquire confiança de que pode aprender, participar ativamente de seu processo de ensino-aprendizagem e conquistar seus desejos, o cognitivo se desenvolve em conjunto com o afetivo, atuando no mundo e sendo reforçado à medida que adquire êxito.

O desenvolvimento da personalidade de cada estudante, com ou sem deficiência, se dá graças a uma progressiva tomada de consciência de seu ser, de suas possibilidades de agir e transformar o mundo à sua volta (BORGES, L., 2017). Portanto, a educação inclusiva tem o objetivo de estimular todas as crianças a se tornarem cidadãs, capazes de protagonizar sua própria história.

Referências
AMARAL, A. (ORG), OHY, J. (org). Jogos cognitivos: um olhar multidisciplinar. Rio de Janeiro: Wak Editora, 2018

ALVES. A infância e a Psicomotricidade: A pedagogia do corpo e do movimento. Rio de Janeiro: Wak Editora, 2016

Caroline Lago é psicóloga, psicopedagoga e especialista em Psicomotricidade. Atua na área clínica direcionada para todas as idades, incluindo atendimento de crianças com questões emocionais, transtornos do neurodesenvolvimento e deficiências.

Cristiana Crespo é terapeuta ocupacional, psicopedagoga, brinquedista e pós-graduanda em Psicomotricidade. Atua na área clínica e institucional, no atendimento a crianças e adultos com TEA e outros transtornos do neurodesenvolvimento, incluindo Transtorno do Processamento Sensorial, estimulação cognitiva e na reabilitação de idosos com Alzheimer.

Lucas Bragança é professor de Educação Física e especialista em Psicomotricidade. Atua na área clínica direcionada para crianças com transtornos do neurodesenvolvimento e deficiências.

Este artigo é de responsabilidade dos autores e não representa, necessariamente, a opinião do Instituto Rodrigo Mendes.

©️ Instituto Rodrigo Mendes. Licença Creative Commons BY-NC-ND 2.5. A cópia, distribuição e transmissão dessa obra são livres, sob as seguintes condições: você deve creditar a obra ao seu autor, sendo licenciada por Instituto Rodrigo Mendes e DIVERSA.

"
Braile: acessibilidade para estudantes com deficiência visual,https://diversa.org.br/noticias/braile-acessibilidade-para-estudantes-com-deficiencia-visual/,"O conteúdo aborda o uso do braile como recurso de acessibilidade para estudantes com deficiência visual, mostrando experiências em que escolas desenvolveram materiais pedagógicos acessíveis para favorecer a participação plena dos alunos. O texto destaca que o braile, os materiais táteis, a audiodescrição, a colaboração entre professores e o Atendimento Educacional Especializado podem ampliar o acesso ao currículo. A inclusão acontece quando os recursos são planejados para envolver toda a turma, e não apenas um estudante isoladamente.","Luan Brito Publicado em 08/04/2021
Conheça ações e projetos que desenvolveram acessibilidade em braile para a participação plena de estudantes no processo de ensino-aprendizagem

*Atualizado em 03/01/2022
Desde 2018, o Dia Mundial do Braille é celebrado em 04 de janeiro, data escolhida pela Organização das Nações Unidas (ONU) em homenagem ao aniversário de Louis Braille, criador do sistema de escrita e leitura tátil para pessoas com deficiência visual.

Esse sistema chegou ao Brasil por meio de José Álvares de Azevedo, primeiro professor cego do país. Em reconhecimento a contribuição para o aprendizado das pessoas com deficiência visual em nosso território, em 08 de abril, aniversário do docente, o Brasil também celebra o Dia Nacional do Sistema Braille.

Até hoje esse sistema é o principal meio para que pessoas cegas tenham acesso a informações do dia a dia, a materiais pedagógicos para aquisição de conhecimento e é um recurso inclusivo para alfabetização dessas pessoas. Por isso, é essencial considerar a disponibilização de conteúdos em braile a fim de garantir acessibilidade comunicacional e, consequentemente, uma sociedade inclusiva de fato.

Saiba mais

+ Educadores refletem próprio papel no apoio à educação inclusiva
+ Acessibilidade de materiais didáticos

Para inspirar as boas práticas e incentivar a produção de materiais pedagógicos acessíveis, o DIVERSA realizou um compilado de ações e projetos escolares envolvendo o sistema braile. Confira!

 

Em cima de uma mesa, mãos digitam em máquina de braile. Fim da descrição. Foto: Rodrigo Marcondes. Fonte: Instituto Rodrigo Mendes
+ Projeto desmistifica o braile e elimina barreiras ao aprendizado

Com reflexão sobre pertencimento e diversidade, Escola Estadual Professora Inah de Mello, em Santo André (SP), elaborou estratégia pedagógica interdisciplinar para valorizar sistema de escrita em braile.

+ Jovens viram professores de braile para promover inclusão escolar no RS

A partir da chegada do primeiro aluno cego do Instituto Federal de Educação, Ciência e Tecnologia do Rio Grande do Sul, estudantes criaram o projeto Braile Básico. A iniciativa também promove momentos de discussão sobre a inclusão de pessoas com deficiências no ambiente escolar e na sociedade.

+ Material para a alfabetização de jovens e adultos estimula a participação de todas e todos

Caixa silábica,material pedagógico acessível desenvolvido por educadores do CIEJA Lélia Gonzalez, possibilitou acesso ao conteúdo proposto para a alfabetização de turma da Educação de Jovens e Adultos (EJA).

+ Jovens dão voz à comunidade em projeto de valorização do território

Projeto reconhecido no Prêmio Educador Nota 10 em 2019 identificou, por meio do viés afetivo, a relação de pertencimento do estudante com a comunidade e desenvolveu conhecimentos textuais argumentativos com turma do ensino médio.

+ Estudantes criam exposição acessível para valorizar a história da comunidade

Protagonismo de estudantes, diversidade e trabalho colaborativo marcaram projeto de fotografia do CEU EMEF Manoel Viera de Queiroz Filho, em São Paulo (SP). Realizada por cerca de 40 alunas e alunos do ensino fundamental, a exposição do projeto teve como objetivo apresentar um olhar sincero sobre a sua própria realidade, valorizando as potencialidades e reconhecendo desafios da comunidade.

+ Jogo da trilha interativo promove participação e autonomia de estudante com deficiência visual

Também do CEU EMEF Manoel Vieira de Queiroz Filho, em São Paulo (SP), professores identificaram barreira pedagógica e criaram material pedagógico acessível para ensinar sustentabilidade a todos os estudantes. Eles desenvolveram uma trilha adaptável para todas as disciplinas e conteúdos, nos moldes do Desenho Universal para a Aprendizagem (DUA).

+ Escola cria projeto de literatura inclusiva após chegada de aluno cego

Em colaboração com o Atendimento Educacional Especializado (AEE) e parcerias externas, educadora da Escola de Educação Básica São José buscou parcerias para obtenção de materiais acessíveis, como livros em braile, e iniciou projeto de literatura que garantiu a plena participação de todos os estudantes da turma.

+ Modelagem 3D auxilia na construção de materiais pedagógicos acessíveis

Projeto que utiliza materiais pedagógicos impressos em 3D facilita a aprendizagem dos conteúdos curriculares por todos os estudantes.

+ Escola inclui estudante surdocego por meio de trabalho colaborativo

Equipe escolar, com auxílio dos demais estudantes, cria estratégias para eliminar barreira de comunicação e incluir criança na rotina escolar, podendo desenvolver suas potencialidades.

+ Estudantes do ensino médio criam kit para ensinar física a colega cego

Educador de escola em Belém (PA) trabalhou a inclusão com estudantes do ensino médio que desenvolveram material pedagógico acessível para o ensino dos conceitos de óptica.

Leia mais

+ Conteúdos de ciências para aulas acessíveis a todos os estudantes
+ Braile nos dias de hoje: objeto de vitrine ou ferramenta indispensável?"
Educação de surdos: os desafios da proposta bilíngue,https://diversa.org.br/artigos/educacao-de-surdos-os-desafios-da-proposta-bilingue/,"O artigo discute a educação de estudantes surdos e os desafios da proposta bilíngue, reconhecendo a importância da Língua Brasileira de Sinais no processo educacional. O texto destaca que a Libras é fundamental para comunicação, aprendizagem e participação social de muitos estudantes surdos. A escola inclusiva precisa considerar a língua de sinais, a língua portuguesa escrita, a formação dos profissionais, os materiais acessíveis e a valorização da cultura surda para garantir acesso real ao currículo.","Sonia Oliveira Publicado em 06/08/2012
Merecidamente, após décadas de luta, os surdos veem reconhecida a sua língua e o direito ao seu uso, através do decreto 5.626/05. A partir de então, a Língua brasileira de sinais (Libras), tem sido ensinada em profusão nas escolas e universidades, bem como em instituições particulares.

Leia também:
+ Comunicação entre professores e alunos surdos: a Libras como ponte
+ Por que falar sobre formação de surdos é falar de uma educação para todos

Fascinante em sua estrutura gramatical, é inquestionável a beleza da língua, bem como sua importância para a inclusão social dos surdos brasileiros. Nas práticas pedagógicas, é preciso que se reconheça que todo o indivíduo com perda auditiva será beneficiado com o seu uso.

Porém, para a elaboração de currículos na educação, devemos ter em mente o aluno surdo, nativo brasileiro que utiliza material pedagógico escrito na língua oficial de seu país e tem direito a uma educação de qualidade como qualquer indivíduo, para que possa escolher a profissão que mais lhe agrada sem ficar preso àquelas em que pode ser mais produtivo.

Diferenças na comunidade surda
É preciso tornar evidente que existem diferenças nessa “diferença” que envolve a surdez, visto que a maioria dos surdos são filhos de pais ouvintes que não se comunicam em sinais e adquirirem a língua na escola, em contato com outros surdos. Outros nascem ouvintes e perdem a audição após a aquisição da língua oral. Crises de identidade são notadas entre esses indivíduos que transitam em “dois mundos”, sem que se identifiquem com nenhum deles. Não pode haver divisão de mundos entre pessoas que habitam um mesmo espaço, e muitas vezes, convivem sob o mesmo teto, e todas essas questões devem ser consideradas em processos educacionais.

Modelos pedagógicos para a educação dos surdos são apresentados por maiorias que os representam. O fato é que poucos são solicitados para apresentação de seus argumentos, alguns por absoluta falta de comunicação, outros por não compartilhar de ideologias praticadas por lideranças que ditam as regras do jogo, ocasionando, em ambos os casos, a exclusão de muitos de um processo que deveria incluí-los. Muitas coisas são ditas por eles e sobre eles, e pouco se sabe de suas vidas, seus sonhos e aspirações.

É preciso que, além de aprender e ensinar Libras, as escolas também se preocupem com todos esses fatores. Medidas urgentes devem ser tomadas para o cumprimento integral do decreto 5.626/05, que também exige o ensino da língua portuguesa para os surdos brasileiros, visto que uma verdadeira educação bilíngue lhes proporcionará maior aproximação com as pessoas do mundo em que vivem, interage e constroi sua identidade.

Sonia Oliveira é professora de Libras na Fundação Getúlio Vargas. Atua na Associação de Professores Surdos do Estado de São Paulo em processos de inclusão social de surdos.

© Instituto Rodrigo Mendes. Licença Creative Commons BY-NC-ND 2.5. A cópia, distribuição e transmissão dessa obra são livres, sob as seguintes condições: Você deve creditar a obra como de autoria de Sonia Oliveira e licenciada pelo Instituto Rodrigo Mendes e DIVERSA."
Qual o papel do Tradutor/Intérprete de Libras na escola inclusiva?,https://diversa.org.br/artigos/qual-o-papel-do-tradutor-interprete-de-libras-na-escola-inclusiva/,"O artigo explica a importância do tradutor e intérprete de Libras na inclusão de pessoas com deficiência auditiva, especialmente em contextos educacionais. Esse profissional atua na mediação linguística e cultural entre Libras e Língua Portuguesa, favorecendo a comunicação e a participação dos estudantes surdos. No entanto, o texto também permite compreender que a inclusão não depende apenas do intérprete: toda a escola precisa se responsabilizar pela acessibilidade comunicacional, pelo planejamento pedagógico e pela participação do estudante.","Tiago Ribeiro Publicado em 26/07/2022
Em 26 de julho é comemorado o Dia do Intérprete da Língua Brasileira de Sinais (Libras). Esse profissional é importantíssimo para a inclusão social plena das pessoas com deficiência auditiva, inclusive para o seu processo educacional.

Em contextos sociais específicos, como uma consulta no hospital, na compra de passagens na rodoviária, na realização de uma denúncia na delegacia, na sala de aula ou até mesmo na realização de um contrato de aluguel, é possível notar a importância da tradução/interpretação entre Libras e Língua Portuguesa. Esse é um trabalho que visa garantir a compreensão linguística, a mediação cultural e a participação social em Libras e em português em diferentes contextos.

Historicamente, no Brasil a atuação do tradutor/intérprete de Libras tem se dado majoritariamente em contextos educativos, em especial na sala de aula. Seja nas escolas bilíngues ou nas escolas inclusivas com estudantes que possuem deficiência auditiva, esse profissional tem garantido a relação linguística e o diálogo entre estudantes surdos e pessoas ouvintes, não usuárias da língua de sinais.

Saiba mais
+ Especialistas e intérpretes explicam a importância da língua de sinais
+ Uso de Libras durante a pandemia chamou atenção para acessibilidade

 

Tem sido assim antes mesmo do reconhecimento da Libras como língua da comunidade surda sinalizante brasileira, em 2002, pela Lei 10.436. Nos cotidianos das escolas, muitos professores não possuem formação e apoio à aprendizagem da Libras, materiais didáticos, nem estrutura de trabalho que favoreçam uma abordagem de ensino visual, tal qual é apontado nos livros “Leitura e escrita na educação de surdos: das políticas às práticas pedagógicas” e “Práticas pedagógicas no ensino de Língua Portuguesa escrita para surdos: desafios, experiências e aprendizagens”.

Apesar de o Decreto 5.626, de 2005, que regulamenta a Lei 10.436 (Lei da Libras), sublinhar a importância do professor bilíngue para a atuação na escola com surdos, essa não é a realidade presenciada na maioria das vezes.

A falta de uma política de formação do professor bilíngue em Libras e Língua Portuguesa e da produção de materiais didáticos bilíngues é gritante no Brasil. Essa realidade tem feito com que o trabalho do profissional tradutor/intérprete de Libras se concentre na atuação na sala de aula, interpretando o professor e sua aula. Isso é um desafio que precisa ser enfrentado, uma realidade que precisa ser mudada, como muitos tradutores/intérpretes de Libras, educadores e a comunidade surda têm apontado.

Em 2021, a Lei 14.191 inseriu a Educação Bilíngue de Surdos na Lei de Diretrizes e Bases da Educação Nacional (LDB) como modalidade. Agora a Educação Bilíngue de Surdos é modalidade independente de ensino, fora da Educação Especial. E o que isso quer dizer? Que a educação dos estudantes surdos é linguística e intercultural, uma vez que as comunidades surdas são culturalmente visuais, além de constituírem uma minoria linguística.

Leia também
+ Trilha bilíngue estimula aprendizado sobre cultura e turismo
+ Material promove aprendizagem da Língua Brasileira de Sinais

 

Esse reconhecimento da Educação Bilíngue de Surdos como modalidade independente reafirma a importância e urgência de professores fluentes em Língua de Sinais, a fim de garantir trocas e discussões linguisticamente ricas e aprofundadas entre professores e alunos.

Nesse contexto, longe de perder seu papel fundamental no processo educativo, o tradutor/intérprete de Libras muda seu espaço de atuação: das salas de aula, vai para o estúdio tornar acessíveis vídeos e filmes importantes para o processo de ensino-aprendizagem dos estudantes; vai traduzir materiais, informes, documentos, notícias da instituição; vai para as reuniões com a comunidade escolar e as famílias, uma vez que muitas não sabem ou não usam Libras.

Para o Dia do Intérprete de Libras, é importante reforçar que o reconhecimento da Educação Bilíngue como modalidade deve também trazer mais reconhecimento, compreensão e valorização desse profissional. Sem o tradutor/intérprete de Libras, fica difícil imaginar uma escola bilíngue em toda a sua potência e expressão, porque o bilinguismo não fica apenas na sala de aula: ele ultrapassa o portão, ele transborda a escola.

Tiago Ribeiro é professor e orientador pedagógico da Educação de Jovens e Adultos do Instituto Nacional de Educação de Surdos."
Flexibilizações vs. adaptações curriculares: como incluir alunos com deficiência intelectual,https://diversa.org.br/artigos/flexibilizacoes-adaptacoes-curriculares-como-incluir-alunos-deficiencia-intelectual/,"O artigo discute a inclusão de estudantes com deficiência intelectual a partir da diferença entre flexibilizações e adaptações curriculares. A proposta inclusiva defende que o estudante tenha acesso ao currículo comum, com diferentes estratégias, tempos, recursos e formas de participação. O texto alerta que reduzir conteúdos de forma automática pode reforçar exclusões. Em vez disso, a escola deve conhecer o aluno, identificar barreiras e diversificar as práticas pedagógicas para garantir aprendizagem e participação.","Raquel Paganelli Publicado em 07/04/2017
Apesar dos inegáveis avanços na educação inclusiva no Brasil, muitos educadores país afora ainda manifestam insegurança ou até mesmo ceticismo em relação ao processo de inclusão educacional de estudantes com deficiência intelectual, principalmente no que diz respeito à aprendizagem. Mas por que é assim? Será que a origem do problema está nas características desses alunos ou no nosso modo de entender e fazer educação? O que são, afinal, as tais adaptações curriculares, tão em voga quando o assunto é a inclusão dessas crianças e adolescentes? Qual é a diferença entre flexibilização e adaptação curricular? É meramente retórica ou entendê-la pode nos ajudar a mudar esse cenário?

Leia também:
+ Atividades para alunos com um mesmo diagnóstico devem ser iguais?
+ Desafios na sala de aula: dimensões possíveis para um planejamento flexível
+ Pistas e desejos para uma avaliação inclusiva

De acordo com a UNESCO, ao longo das últimas décadas, muitos países passaram por grandes mudanças na compreensão, nas políticas e nas práticas de educação inclusiva, tanto em nível macro (das leis e políticas) quanto no meso (dos sistemas de ensino) e no micro (das escolas e comunidades). No Brasil, segundo dados oficiais relativos a 2015, as matrículas de estudantes com deficiência, transtorno do espectro autista (TEA) e altas habilidades/superdotação na educação básica passaram de 13%, em 1998, para 79%. Se consideramos somente a rede pública, esse percentual chega a 93%.

E essas conquistas recentes em âmbito nacional não dizem respeito somente ao acesso. As políticas implementadas pelo Ministério da Educação (MEC) – decorrentes do lançamento da Política nacional de educação especial na perspectiva da educação inclusiva e da aprovação da Convenção da ONU sobre os direitos das pessoas com deficiência por meio de emenda constitucional –, além do crescente consenso de que a educação inclusiva diz respeito a todos os alunos (independentemente de credo, raça, gênero, condição econômica, social, cultural, física, mental, intelectual, sensorial e linguística), em uma perspectiva de direito, atestam isso.

No entanto, apesar dos avanços, não é possível negar a dificuldade generalizada de concretização desse direito no cotidiano das escolas. Um exemplo disso é a inclusão de crianças e adolescentes com deficiência intelectual, que continua representando um desafio até mesmo para educadores experientes e dispostos a trabalhar na perspectiva inclusiva. A presença desses estudantes em sala de aula revela que, apesar de já termos avançado tanto, ainda temos muito a aprender sobre o que é, de fato, inclusão, principalmente no contexto das práticas pedagógicas.

A exclusão do aluno com deficiência intelectual
Historicamente, as políticas e práticas pautadas nos paradigmas da segregação e da integração responsabilizavam as próprias crianças e adolescentes com deficiência intelectual pelo assim chamado “fracasso escolar”, legitimando sua exclusão com base no diagnóstico. A deficiência era, então, compreendida sob a perspectiva médica, centrada em características individuais.

Há alguns anos, o modelo social de deficiência passou a considerar, além dos aspectos clínicos representados por impedimentos na pessoa, fatores que são externos a ela: as barreiras presentes no ambiente. Esse novo conceito fundamenta a abordagem inclusiva, que concebe a educação como um direito de todos, sem exceção. Direito que prevê, portanto, não somente a garantia à vaga/presença, mas também à acessibilidade, ou seja, à eliminação dos obstáculos que impedem a plena participação nos processos educacionais.

Deu-se início, então, a um intenso processo de mudanças no contexto escolar cuja preocupação inicial era eliminar os impedimentos físicos/arquitetônicos e incluir recursos e serviços por meio de tecnologias assistivas (TAs). O conceito foi se ampliando, vindo a considerar as barreiras atitudinais. A escola passou a valorizar o acolhimento, o bem-estar dos estudantes e questões como preconceito e bullying ganharam espaço nos momentos de trabalho pedagógico coletivo.

Contudo, apesar de tantos esforços, alguns alunos continuam não aprendendo. E no caso daqueles com hipótese ou diagnóstico de deficiência intelectual, a tendência é, muitas vezes, responsabilizá-los novamente por isso.  Mas se partimos do pressuposto de que toda pessoa aprende e tem direito à educação e compreendemos a deficiência a partir do modelo social, havemos de reconhecer que a origem do problema não está, necessariamente, nas características intelectuais do estudante, mas nas estratégias para incluí-lo.

O que são adaptações curriculares?
Em 2001, diante de um cenário paradoxal marcado por conquistas no acesso de alunos com deficiência em escolas regulares de toda a Inglaterra e altos índices de fracasso escolar, a especialista britânica em educação inclusiva Jenny Corbett declarou: “chegou o momento de focar na pedagogia e em como a comunidade escolar pode ser um ambiente de apoio para todos”.

A constatação de que a chegada de crianças e adolescentes com deficiência demandava reformas também no âmbito pedagógico resultou em inúmeros arranjos e concessões no fazer cotidiano da escola. “Remendos” que se revelam insuficientes, visto que há alunos que continuam não aprendendo, e contraditórios em relação aos pressupostos da educação inclusiva, já que continuam fundamentados na ideia de incapacidade a partir de características individuais. Um exemplo disso é a redução do tempo de permanência na instituição de ensino para alguns estudantes com base em seus diagnósticos. Outro remendo, bastante comum, é o das assim chamadas adaptações curriculares – muitas vezes apontadas como “a” solução diante do desafio de incluir alunos com deficiência intelectual, autismo ou dificuldades de aprendizagem.

Mas o que são, afinal, as adaptações curriculares? Na maioria das escolas, essa expressão diz respeito à redução do conteúdo para alguns estudantes sob a alegação de que estes não têm condições de acessar o currículo comum como os demais. Mas essa não é a lógica da integração? A perspectiva inclusiva indica o direito de acessar o mesmo currículo. Conforme Daniela Alonso afirma no artigo “Desafios na sala de aula: dimensões possíveis para um planejamento flexível”, a inclusão implica em oferecer uma mesma proposta ao grupo como um todo e, ao mesmo tempo, atender às necessidades de cada um, em especial daqueles que correm risco de exclusão em termos de aprendizagem e participação. Ou seja, o que pode (e deve) diferir são as estratégias pedagógicas e aspectos como complexidade, quantidade e temporalidade para acessar um mesmo currículo.

Diferenças entre adaptar e flexibilizar o currículo
Mas que currículo é esse? Um pré-formatado, que desconsidera o contexto e as diferenças que o compõe? Certamente não, já que, segundo a especialista em educação inclusiva Maria Teresa E. Mantoan, a inclusão pressupõe “a garantia do direito à diferença na igualdade do direito à educação”. É justamente aí que entra o conceito de flexibilização curricular.

O termo flexível indica oposição ao que é duro, fixo, fechado. Assim, no contexto educacional, flexibilizar significa garantir o direito à diferença no currículo. Implica a busca pela coesão da base curricular comum com a realidade dos estudantes, suas características sociais, culturais e individuais – incorporando assim também os diferentes modos de aprender e as múltiplas inteligências presentes em sala de aula. De modo que todos se reconheçam no currículo e sejam protagonistas no próprio processo educacional.

Ou seja, flexibilizações e adaptações curriculares não são a mesma coisa. Mais do que isso, a diferença entre ambas é basilar. A própria expressão “adaptado” denuncia que se trata de um “remendo”, uma mudança pontual, específica para alguns: os “diferentes”. Como se os demais fossem todos iguais. No artigo “Receita de inclusão?”, Fabio Adiron se refere às adaptações curriculares como um modelo de intervenção individualizado, baseado em “um paradigma que define a deficiência das pessoas como única causa de seus problemas de aprendizagem”, no qual o currículo é definido pelo déficit, o que ressalta as incapacidades e não as possibilidades dos alunos. E pondera: “esse é um problema ideológico, mais do que pedagógico, pois está focado na homogeneidade e não na diversidade”.

No livro “Supporting inclusive education: a connective pedagogy”, Jenny Corbett propõe uma pedagogia que relaciona as necessidades individuais dos estudantes aos recursos disponíveis na escola e aos valores da comunidade. E descreve tal abordagem como um processo de duas etapas em que, em primeiro lugar, cada aluno deve ser conhecido, reconhecido e valorizado individualmente para que o que traz consigo e o modo como aprende possam ser incorporados ao currículo e à comunidade. É importante notar que a autora não relaciona “necessidades individuais” à deficiência ou a educandos que diferem da maioria em termos de estilo de aprendizagem. Segundo ela, “uma comunidade escolar inclusiva é aquela que valoriza todos os seus alunos igualmente e responde às suas necessidades individuais, com o termo ‘especial’ tornando-se redundante”.

Para Corbett, educação inclusiva tem a ver com criar e sustentar sistemas e estruturas que apoiam e desenvolvem abordagens de aprendizagem flexíveis. Nesse sentido, o também britânico Peter Mittler ressalta, no livro “Curriculum and pedagogy in inclusive education”, que “a pedagogia inclusiva não pode ser algo adicional atrelado à pedagogia existente; o lugar de partida deve ser uma ‘boa pedagogia’, que pode, oportunamente, tornar-se uma boa pedagogia para todos”.

 

Raquel Paganelli é mestre em educação inclusiva pelo Instituto de Educação da University College of London, atua nas áreas de consultoria e formação de professores e faz parte da equipe DIVERSA.

© Instituto Rodrigo Mendes. Licença Creative Commons BY-NC-ND 2.5 Site externoSite externoSite externoSite externo. A cópia, distribuição e transmissão dessa obra são livres, sob as seguintes condições: Você deve creditar a obra como de autoria de Raquel Paganelli e licenciada pelo Instituto Rodrigo Mendes Site externoSite externoSite externoSite externo e DIVERSA."
Os desafios de ser uma mulher com deficiência intelectual,https://diversa.org.br/artigos/os-desafios-de-ser-uma-mulher-com-deficiencia-intelectual/,"O artigo traz o relato de uma mulher com deficiência intelectual que enfrentou barreiras, discriminação e capacitismo ao longo de sua trajetória escolar e profissional. A narrativa destaca a importância do apoio da família, de educadores e de pessoas que acreditaram em seu potencial. Para a educação inclusiva, o texto contribui ao mostrar que estudantes com deficiência intelectual não devem ser definidos por limitações, mas reconhecidos como sujeitos de direitos, capazes de aprender, participar, desenvolver talentos e construir autonomia.","Fotógrafa e ativista, Jéssica Mendes de Figueiredo celebra conquistas e lembra as barreiras enfrentadas e a importância do apoio da família e dos educadores

Jéssica Mendes de Figueiredo Publicado em 02/04/2024
Imagem de um pássaro voando num céu azul com nuvens brancas. Fim da descrição“Esta foto, para mim, é símbolo de reflexão. Ela traz uma sensação de calma e paz. E lembra meu reconhecimento profissional, o quanto de potencial eu tenho”, diz a fotógrafa Jéssica. Crédito: Jéssica Mendes de Figueiredo
Como mulher com deficiência, enfrentei muitos desafios até chegar no lugar em que estou hoje: de fotógrafa, ativista, conselheira da Escola de Gente, palestrante e pessoa que trabalha na Secretaria Nacional dos Direitos das Pessoas com Deficiência há mais de dez anos.  

Na escola, sofri muita discriminação e preconceito. Com isso, vivi momentos de muita tristeza. O capacitismo (discriminação e preconceito contra a pessoa com deficiência) apareceu de várias maneiras: nas falas dos colegas e de alguns professores que tentavam me diminuir e nas ações para me excluir das participação nos grupos ou de outras atividades.  

E ainda tinha o capacitismo oculto: as pessoas não falavam nem praticavam exclusão, mas eu sentia que não queriam uma aproximação. 

Outro grande desafio na escola foi lidar com disciplinas como matemática, física e química. E também com a falta de acessibilidade nas aulas, nas atividades e nas avaliações. Não havia, por exemplo, tempo adicional e nem linguagem simples nas perguntas das provas. 

Na faculdade, as principais questões a enfrentar foram a discriminação, a grande quantidade de trabalhos e de conteúdo e a organização da agenda.  

Na vida profissional, a barreira mais frequente também foi o capacitismo, que começou com a dificuldade de entrar no mercado de trabalho. Os empregadores não acreditam que pessoas com deficiência intelectual podem desempenhar um trabalho de qualidade. 

Finalmente, consegui superar o preconceito e ser indicada para trabalhar na Secretaria Nacional dos Direitos das Pessoas com Deficiência, em 2013. 

Hoje, conquistei o meu espaço. Fotografo as reuniões e os eventos da secretaria e sou validadora de textos em linguagem simples, além de desempenhar outras funções. 

Demorou bastante para que eu fosse reconhecida como fotógrafa pela sociedade em geral. Sempre houve pessoas que colocavam em dúvida meu talento.   

Para superar todos esses desafios, contei com o apoio de muitas pessoas. O mais importante foi o da minha família, que sempre esteve perto e presente. Eles sempre acreditaram em mim e no meu potencial, uma confiança essencial para eu seguir adiante. Foram eles que me disseram para perseverar nos estudos.   

Contei também com o suporte de educadores que acreditavam na educação inclusiva e no meu potencial, como o professor de História da Arte Thiago, que me ajudou a entender a disciplina por meio da fotografia. Ele também me explicou a origem e a história da fotografia.  

Os desafios que enfrentei tornaram a minha jornada mais difícil, mas também ajudaram a me tornar a mulher que sou hoje: empoderada, feliz pelas realizações e que sabe lutar por um mundo mais inclusivo.   

  

Sobre a autora
 

Mulher branca, com cabelos escuros até o ombro. É uma pessoa com síndrome de Down e está vestindo uma blusa de frio coral. Usa um colar com pingente de coração. Fim da descrição

Jéssica Mendes de Figueiredo tem 32 anos e é uma pessoa com síndrome de Down. Fotógrafa formada pelo Instituto de Educação Superior de Brasília, trabalha na Secretaria Nacional dos Direitos das Pessoas com Deficiência há mais de dez anos. Ativista, é conselheira da Escola de Gente – Comunicação em Inclusão, uma organização não-governamental que atua para que leis e políticas públicas se transformem em práticas inclusivas.  

 

 

Este artigo é de responsabilidade da autora e não representa, necessariamente, a opinião do Instituto Rodrigo Mendes.  

©️ Instituto Rodrigo Mendes. Licença Creative Commons BY-NC-ND 2.5. A cópia, distribuição e transmissão dessa obra são livres, sob as seguintes condições: você deve creditar a obra ao autor, licenciada por Instituto Rodrigo Mendes e DIVERSA.    "
Dicas e práticas para inclusão de alunos com deficiência física,https://diversa.org.br/noticias/dicas-praticas-inclusao-alunos-deficiencia-fisica/,"O conteúdo apresenta práticas e reflexões sobre a inclusão de estudantes com deficiência física na escola regular. A ideia central é que todo corpo pode participar das atividades escolares quando a escola elimina barreiras e adapta estratégias. O texto reúne experiências de educadores que buscaram garantir participação, movimento, aprendizagem e convivência, mostrando que a deficiência física não deve ser motivo para separar o estudante, mas para repensar espaços, materiais, atitudes e formas de participação.","Equipe DIVERSA Publicado em 11/10/2016
No dia 11 de outubro, comemora-se o Dia da pessoa com deficiência física. O DIVERSA, acredita que todo corpo pode experimental qualquer atividade e, para celebrar a data, separamos dicas e relatos de experiência de educadores que desenvolveram atividades com estudantes com deficiência física que comprovam essa premissa. Confira!

Três atitudes sem as quais a inclusão não acontece
Ex-diretor de escola referência em educação inclusiva nos EUA lista três atitudes para educadores concretizaram a inclusão de alunos com deficiência.

Professora usa receitas e comida para alfabetizar turma de aluna com deficiência física
A professora Milca dos Santos, de Itápolis (SP), encarou o desafio de incluir uma aluna com limitações motoras usando receitas. Quer saber como? Leia no relato de experiência.

O caso da Escola Helena Zanfelici
A educação inclusiva também é uma realidade na educação infantil. Veja como Escola Helena Zanfelici mobilizou a comunidade e o poder público para atender a pequena Izabelly, estudante com paralisia cerebral.




Este vídeo conta com legendas em português, inglês e espanhol (ativadas no player) e versões em Libras e audiodescrição
Dança contemporânea explora movimentos de aluno cadeirante
Logo no início de sua carreira, o professor Marcos Antônio Pitanga Costa perguntou a sua sala quem gostaria de participar de um projeto de dança. Para sua surpresa, um estudante cadeirante, com paralisia cerebral, se candidatou. “Nunca havia pensado naquela possibilidade”, confessa o educador. A solução encontrada? Mobilizar a escola para a questão da inclusão e tornar o estudante o protagonista do projeto Cidadão Dançante.

Turma cria esporte inclusivo a partir de potenciais de colega com deficiência física
Para incluir Felipe, estudante com deficiência física, nas aulas de Educação Física, o educador Luiz Gustavo Firmino de Oliveira criou o Felipebol. No jogo, todos os estudantes devem se mover em quatro apoios, modo como o Felipe se locomove. O projeto aconteceu na CIEP Padre Paulo Correia de Sá, no Rio de Janeiro (RJ)."
Educação física como um meio para a inclusão social e qualidade de vida,https://diversa.org.br/artigos/educacao-fisica-como-um-meio-para-a-inclusao-social-e-qualidade-de-vida/,"O artigo aborda a educação física escolar na perspectiva inclusiva, defendendo o direito de todos os estudantes, com ou sem deficiência, participarem das aulas. No caso de estudantes com deficiência física, a proposta exige reconhecer suas possibilidades, adaptar práticas quando necessário e valorizar a participação coletiva. O texto reforça que a educação física não deve ser confundida apenas com rendimento esportivo, mas entendida como componente curricular que contribui para convivência, qualidade de vida, respeito às diferenças e inclusão social.","Jorge Steinhilber Publicado em 14/10/2013
No Brasil, a Política nacional de educação especial na perspectiva da educação inclusiva assegura acesso ao ensino regular a estudantes com deficiência (intelectual, física, auditiva e visual), com transtorno do espectro autista (TEA) e com altas habilidades/superdotação, entre outros, desde a educação infantil até o ensino superior. Desse modo, quando pensamos em uma abordagem para a educação física escolar inclusiva, faz-se necessário reconhecer o direito de todas as crianças e jovens ao componente curricular da disciplina, à qualidade da aprendizagem, ao respeito e à compreensão das diferenças.

Leia também:
+ Inclusão por meio do esporte: dicas e práticas para a educação física

Enquanto uma função disciplinar que ocorre no ensino escolar e possui objetivos bastante especiais, a educação física trabalha o conhecimento e a cultura dos estudantes, sendo por essa razão distinta do esporte na escola. Não que sejam questões excludentes, muito pelo contrário, são atividades culturais complementares, porém não significam o mesmo, não apresentam finalidades idênticas e possuem capacitações diferentes. Este texto se baseia especificamente na disciplina desenvolvida na escola.

A questão que se apresenta no desafio proposto é a seguinte: há alguma diferença nos objetivos da educação física para as pessoas com deficiência e para as pessoas sem deficiência? Uma vez que todos os estudantes têm direito a dispor e participar da disciplina, que é componente obrigatório para todos em todas as séries e anos da educação básica, a resposta é não. Não há diferença entre os dois grupamentos.

Além disso, na atual conjuntura brasileira e mundial, vivemos uma epidemia de obesidade por conta da vida sedentária e de hábitos de vida inadequados. Cabe ressaltar que tal pressuposto atinge tanto as pessoas “normais” como aquelas com deficiência. A alternativa para modificar o status quo é que se busque a promoção de conhecimentos e cultura que proporcionem a mudança nos hábitos de vida das pessoas, principalmente a adoção da prática regular e sistemática de exercícios físicos. Como é reconhecido por todos, o processo de mudanças deve começar com as crianças, portanto, no sistema educacional formal.

É importante que se considere que o objetivo da educação física escolar é contribuir na formação geral dos estudantes através do desenvolvimento de cultura das capacidades motoras, cognitivas, afetivas e sociais, visando à aquisição do hábito da prática regular de atividades físicas como componente fundamental da educação para uma vida saudável. Portanto, a disciplina é um caminho privilegiado da educação, pelas suas possibilidades de desenvolver a dimensão motora e afetiva das crianças e adolescentes, conjuntamente com os domínios cognitivos e sociais, e por tratar de um dos preciosos recursos humanos, que é o corpo.

A educação física tem compromissos com as grandes questões contemporâneas da humanidade como a inclusão social, o atendimento a pessoas com deficiência, a promoção do fair play, da paz, da excelência, dos cuidados com o meio ambiente. Em termos históricos, é possível que se proceda a afirmação de que as pessoas com deficiência eram excluídas da sociedade, sendo mesmo marginalizadas.

Atualmente, a legislação determina o direito de todos à educação e principalmente a inclusão das pessoas com deficiência no processo educacional. É interessante observar que, no tocante ao quesito atividade esportiva, constata-se que o Brasil tem proporcionado diversas oportunidades para as pessoas com deficiência e em especial a inclusão das equipes representativas do país nos Jogos Paraolímpicos e demais campeonatos mundiais, tanto é que, em termos de resultados esportivos, o Brasil está bem colocado no ranqueamento midiático. Em que pese à ocorrência dessas participações referidas e dos resultados favoráveis alcançados, somos levados a identificar que em relação à inclusão da pessoa com deficiência, seja na sociedade, e até mesmo na escola, a acessibilidade de forma geral continua deixando a desejar.

Ao sistema escolar e a disciplina educação física bem como aos profissionais de educação física cabe, neste momento em que a sociedade brasileira vem discutindo diferentes questões que envolvem a qualidade de vida, proporcionar o debate deste problema nas “salas” de aula e buscar saídas, discutir e desenvolver atividades que envolvam a questão da marginalização e discriminação de crianças com deficiência. Portanto, o que se considera como o passo importante é que se elabore uma política específica, se organize programas e ações que possibilitem a inclusão e nesse sentido se proceda a utilização da disciplina educação física, a qual apresenta um papel relevante, dado os seus objetivos e o papel que desempenha na educação e na formação dos estudantes.

O ser humano se faz presente no mundo por meio do seu corpo, seja ele um corpo com ou sem deficiência. São seres integrais que se movimentam, articulam, convivem, sofrem, brincam, se divertem, e a educação física exerce um papel de suma importância no desenvolvimento do aluno, como um todo, uma vez que é impossível subdividir esse Ser e educar o corpo, pois o corpo não é educável, mas somente treinável, sendo inviável, portanto, dissociá-lo da educação das outras dimensões, tais como: a intelectual, a social, a moral, a emocional, etc. O desenvolvimento motor (e aqui inclui-se todas as deficiências) está diretamente ligado à formação integral da criança, pois é responsável pelo conhecimento da estrutura físico-motora, afetiva e cognitiva da criança.

O papel da educação física está definido, com competência e profundidade, como parte integrante e fundamental no processo educativo de todos, capaz de proporcionar aos estudantes as necessárias competências para o seu pleno desenvolvimento. Assim, considera-se como inegável a importância da educação física no sistema educacional brasileiro uma vez que a mesma estabelece a sinergia positiva que favorece em conjunto com as demais abordagens a que as crianças e os adolescentes estão submetidos, o pleno desenvolvimento humano e o exercício da cidadania. Através da educação física trabalha-se o aspecto motor, o aspecto cognitivo, o aspecto da sociabilidade e o aspecto psicológico.

A educação física é a disciplina com maior e melhor propriedade para favorecer e possibilitar a educação inclusiva, uma vez que as atividades são executadas em conjunto possibilitando a interação e integração entre todos os alunos.

É notória a possibilidade de ver refletido nas aulas de Educação Física um conjunto de valores indispensáveis para que a criança cresça e exerça a cidadania com plenitude – valores como a ética, o trabalho em equipe, o respeito às normas, o respeito à diversidade, o respeito aos colegas e às diferenças, o implantar e despertar da autoestima.

Em que pese à disciplina Educação Física ser obrigatória e estar contemplado na Constituição, o direito de todos ao esporte, contudo, na prática não é o que se identifica, principalmente em relação aos alunos com deficiência. Os programas escolares e as Políticas Públicas não contemplam com relevância esse direito. Não há politica nem projeto de capacitação dos gestores escolares e dos professores quanto à aplicação desse direito e muito menos programas que contribuam, de fato, para que as escolas cumpram esse papel social e fundamental que lhe cabe.

Dessa forma, considera-se ser imperioso apontarmos as perspectivas dessa inclusão na sociedade, discutindo a questão desse processo no campo da Educação Física Escolar e, criando possibilidades para que os professores de Educação Física estejam aptos a enfrentar essa realidade, legitimando o acesso democrático tão discutido legalmente.

A prática de atividade física e/ou esportiva por pessoas que possuem algum tipo de deficiência, sendo esta visual, auditiva, intelectual ou física, pode proporcionar dentre os diferentes benefícios da prática regular de atividade física que são mundialmente conhecidos, a oportunidade de testar seus limites e potencialidades, prevenir as enfermidades secundárias à sua deficiência e promover a sua adequada integração social. Assim sendo, da mesma forma que os alunos ditos “normais”, àqueles que possuem alguma deficiência precisam adquirir o hábito da prática desde a escola e compreender a importância dessa atividade ao longo de suas vidas.

Além do processo de inclusão social, é fundamental que a Educação Física seja ofertada a todos, uma vez que as atividades físicas e esportivas para as pessoas com deficiência física apresentam uma considerável gama de valores terapêuticos evidenciando os benefícios tanto na esfera física quanto na psíquica.

Conforme estudos desenvolvidos no âmbito educacional no país, a disciplina Educação Física aborda diversas práticas corporais, que segundo os Parâmetros Curriculares Nacionais (BRASIL, 1997) trazem muitos benefícios para aos alunos com alguma dificuldade, quanto ao desenvolvimento das capacidades perceptivas, afetivas, de integração e inserção social.

Ainda segundo os mesmos Parâmetros Curriculares Nacionais, a Educação Física tem como um de seus princípios a inclusão do aluno na cultura de movimento corporal, a qual deve procurar reverter o paradigma da seleção entre indivíduos aptos e inaptos para as práticas corporais, a partir da valorização exacerbada do desempenho e da eficiência da pessoa.

As ações dos professores em fazer com que os alunos com deficiência participem das aulas de Educação Física é importantíssimo para estes. Pois essa é a aula e representa o momento em que os alunos podem e têm mais contato uns com os outros, fazendo com que identifiquem e aprendam a respeitar às diferenças.

Nesse contexto, a Educação Física pode significar melhorias para a sua qualidade de vida, por proporcionar prazer e ser entendida como uma prática que não desconsidera sua deficiência e seus limites, mas sim, evidencia a sua eficiência e possibilidades.

Com o desenvolvimento de uma Educação Física inclusiva às pessoas com deficiência, poder-se-ia demonstrar à sociedade que todo cidadão, com ou sem deficiência, é capaz de viver com seus limites, praticando alguma atividade física, sem que as pessoas os olhem com compaixão e evitem qualquer forma de exclusão. Dessa maneira, pode-se considerar que esse seria um procedimento acertado e capaz de ampliar suas possibilidades nos campos físico, social, político e cultural.

Valores como determinação, cooperação, autossuperação, autoconfiança, autoestima, socialização, bem como habilidades motoras e cognitivas, podem ser referenciados pela prática da atividade física. Ao trabalhar com a pessoa com deficiência, é indispensável que ocorra uma intervenção visando o oferecimento de uma Educação Física que os conscientize de suas dificuldades ocasionadas pelas deficiências, mas que os faça desvelar as possibilidades e motivá-los na busca de melhorias para a adoção de procedimento que lhes proporcione uma melhor qualidade de vida, facilitando suas atividades cotidianas.

Perspectivas para a educação física
É inquestionável o valor do exercício físico e/ou esportivo para todas as pessoas;

É inquestionável a importância da atividade física para os possuidores de qualquer tipo de deficiência;

É inquestionável o valor e a importância da disciplina Educação Física, pois é na escola, e no início do processo de estudos, que se pode e se deve adquirir os hábitos saudáveis e formativos da vida, dentre eles a compreensão das diferenças e a adoção da prática de exercícios físicos e/ou esportivos.

A escola é o princípio basilar de tudo e onde a Educação Física inclusiva deve ser efetivada, razão principal para que se deva discutir a inclusão e a exclusão social.

Tornar a Educação Física uma prática aplicada e vivenciada por todos os alunos, ou seja, aqueles ditos “normais” e em específico, de forma emancipatória, para os com deficiência, sejam elas físicas, intelectuais ou com outras deficiências, é um desafio que se coloca aos atuais e futuros profissionais de Educação Física.

Encerro o presente texto com a seguinte consideração: é ótimo ser campeão mundial, de futebol, de vôlei enfim dos vários esportes. Mas, sem qualquer sombra de dúvida, o maior feito ou campeonato mundial é aquele que envolve dignidade através da educação, do conhecimento, da inovação e da plena cidadania.

Nossa missão é preparar e formar campeões para a vida.

Portanto, fica evidenciado que “a educação física deve ser acessível a todo ser humano”, independente de raça, credo, capacidade, deficiência e demais diferenças pessoais.

Jorge Steinhilber é presidente do Conselho Federal de Educação Física (CONFEF) e presidente da Academia Olímpica Brasileira.

©Instituto Rodrigo Mendes. Licença Creative Commons BY-NC-ND 2.5. A cópia, distribuição e transmissão dessa obra são livres, sob as seguintes condições: Você deve creditar a obra como de autoria de Jorge Steinhilber e licenciada pelo Instituto Rodrigo Mendes e DIVERSA."
Atendimento educacional especializado (AEE): pressupostos e desafios,https://diversa.org.br/artigos/atendimento-educacional-especializado-pressupostos-desafios/,"O artigo discute o Atendimento Educacional Especializado (AEE) como um serviço complementar ou suplementar, e não substitutivo, voltado para estudantes com deficiência, TEA e altas habilidades/superdotação. O texto destaca a importância do trabalho colaborativo entre professores da sala comum e do AEE para identificar e eliminar barreiras à aprendizagem, promovendo a autonomia e a inclusão plena do aluno no ensino regular.","Rosanna Claudia Bendinelli Publicado em 06/07/2018
A história da educação inclusiva carrega tanto as lutas pelo direito a uma educação equitativa e de qualidade para todos quanto o peso da segregação e dos estigmas que envolvem as pessoas com deficiência, transtorno do espectro autista (TEA) e altas habilidades/superdotação. Esse histórico trouxe um avanço contínuo de políticas públicas inclusivas e o estabelecimento de novas metas e ganhos no que diz respeito ao acesso, à permanência e à aprendizagem de todos na classe comum por meio da oferta de diferentes serviços e recursos. Contudo, a leitura errônea e viciada desses serviços pode nos levar a usá-los de maneiras nada inclusivas, reincidindo em práticas segregacionistas e excludentes. Para compreendermos melhor esses avanços e seu papel na efetivação e garantia da educação inclusiva de qualidade do público-alvo da educação especial, nos ateremos ao papel e objetivos do atendimento educacional especializado (AEE), serviço estabelecido desde 2008.

Leia também:
+ AEE e sala comum: trabalho colaborativo para a inclusão
+ O que fazer quando não há atendimento educacional especializado na escola?

Naquele ano, o Ministério da Educação (MEC) lançava a Política nacional de educação especial na perspectiva da educação inclusiva (PNEEI), a qual foi um grande avanço na luta pelo direito de uma educação inclusiva e de qualidade e que significou compreender a educação especial como aquela ofertada não mais de forma apartada da escola regular, mas articulada, atuando com vistas a ofertar recursos e serviços que objetivem a plena aprendizagem do aluno público-alvo da educação especial na classe comum, por meio do AEE. A PNEEI estabelece que:

O atendimento educacional especializado tem como função identificar, elaborar e organizar recursos pedagógicos e de acessibilidade que eliminem as barreiras para a plena participação dos estudantes, considerando suas necessidades específicas. As atividades desenvolvidas no AEE diferenciam-se daquelas realizadas na sala de aula comum, não sendo substitutivas à escolarização. Esse atendimento complementa e/ou suplementa a formação dos estudantes com vistas à autonomia e independência na escola e fora dela.

Ainda em 2008, foi promulgado o Decreto 6.571 (posteriormente substituído pelo Decreto 7.611/11), que estabelece as diretrizes do AEE e reitera o estabelecido pela Política nacional. Dez anos se passaram e um novo olhar foi lançado para a educação especial. Contudo, ainda é necessário que compreendamos de fato qual o papel do professor do AEE, que tem como um de seus espaços de atuação a sala de recursos multifuncionais (SRM).

O que precisa ser compreendido, em primeiro lugar, é o caráter complementar ou suplementar do AEE, pois, a partir da PNEEI, o atendimento substitutivo não é mais admitido.

Atendimento suplementar
É aquele que visa suplementar a aprendizagem dos alunos com altas habilidades/superdotação por meio de enriquecimento curricular nas áreas em que o estudante apresenta grande interesse, facilidade ou habilidade. Por meio do AEE, ele poderá:

• Ter maximizada sua participação na classe comum;
• Ter potencializadas suas habilidades;
• Ter garantida a expansão do acesso a recursos tecnológicos e materiais pedagógicos;
• Oportunizada a participação em pesquisas e desenvolvimento de produtos e materiais diversos, entre outros.

Dessa forma, é fundamental que o professor do atendimento educacional especializado realize um trabalho articulado com o docente da classe comum, para que essas ações não se atenham apenas à sala de recursos, mas a toda escolarização do aluno.

Atendimento complementar
É aquele que visa complementar a formação dos estudantes com deficiência e/ou com transtorno do espectro autista (TEA). Isso significa trabalhar com os recursos que possibilitem ao aluno transpor barreiras impostas à sua aprendizagem na classe comum. São muitos os exemplos que podem ser dados:

• Para o estudante com deficiência visual, cego, por exemplo, é imprescindível o ensino do Sistema Braille, a adaptação de materiais de forma que se tornem táteis, o ensino do sorobã para os cálculos matemáticos etc.

• Para os com deficiência intelectual é importante focar em comunicação, memória, localização espacial e temporal, resolução de problemas etc. O professor do AEE tem como objetivo trabalhar a aprendizagem de conceitos e a organização do pensamento do aluno. Assim, na classe comum, ele se beneficiará dos conteúdos trabalhados.

• Para aqueles com deficiência física, o atendimento educacional especializado visa a confecção de materiais para que ele possa, por exemplo, se comunicar com autonomia, como é o caso das pranchas de comunicação alternativa. É importante ensiná-lo a utilizar as tecnologias assistivas necessárias, entre outras atividades pedagógicas.

Organizado dessa forma, o AEE não deve se constituir como reforço escolar, uma vez que não é objetivo do professor da sala de recursos ensinar os conteúdos que foram ministrados na classe comum, mas auxiliar na eliminação de barreiras, as quais, lembramos, não estão no aluno, mas no ambiente que o cerca.

O AEE na educação infantil e integral
Não é nossa intenção neste artigo trazer as diversas práticas para todas as especificidades do público atendido pelo AEE, até porque isso não seria possível, mas esclarecer o papel do professor especializado no atendimento desses alunos.

Não cabe ao AEE realizar atendimento substitutivo, ou seja, no mesmo período em que o aluno estuda na classe comum. Após a publicação da PNEEI, o direito à educação desses alunos passa a ser destacado, assim como os recursos, serviços e apoios de que necessitam. Portanto, os suportes não podem se sobrepor ao direito à educação. Assim, devem ocorrer no horário inverso das aulas regulares.

No caso da educação infantil, em que pode haver período integral, o atendimento educacional especializado ocorre concomitantemente ao período em que as crianças estão nas instituições. Isso se dá por meio de um trabalho colaborativo entre o professor regente e o especializado. Mesmo nesses casos, os alunos não são separados do grupo para receber o AEE. Ele deve ser organizado de maneira que a participação das crianças nas diversas atividades seja mais qualitativa.

O período integral, contudo, também pode ocorrer nos ensinos fundamental e médio. Para todos os casos, a educação nunca deve ser segregada. Cabe à escola pensar em meios para que os alunos público-alvo da educação especial possam ter seu direito à educação inclusiva garantido.

A importância da colaboração
Não há “receitas” para as escolas nesse sentido, mas, sim, um pressuposto: sejam quais forem as estratégias, viabilizá-las na prática implica criar uma dinâmica de trabalho colaborativo para o estabelecimento de redes de apoio. No universo escolar, diversas redes de apoio podem ser formadas, envolvendo desde os alunos na sala de aula, passando pelos professores da classe comum por meio de trabalho colaborativo com os professores especializados, até a equipe escolar como um todo, contando com seus gestores para impulsionar o processo de inclusão escolar.

Lembrando que, segundo a pesquisadora Vera Capellini, aprendizagem cooperativa é aquela que ocorre quando há interação entre aprendizes. Isso pode acontecer por meio de “tutoria entre pares, trabalho em equipe, pequeno grupo cooperativo, agrupamento por projetos etc.”. E o ensino colaborativo se apresenta como uma alternativa de trabalho conjunto entre o professor da classe comum e o especializado visando à complementação, não a sobreposição de conhecimentos. Ambos trabalham juntos na classe comum desde o planejamento até a avaliação de todos os alunos, integrando, assim, seus saberes e experiências.

De acordo com Enicéia Gonçalves Mendes:

O ensino colaborativo ou co-ensino envolve um par de professores (um da educação regular e o outro da educação especial) atuando em equipe e assumindo diferentes tipos de arranjos […] os quais podem ocorrer durante períodos fixos de tempo, em determinados momentos, ou mesmo em certos dias da semana. No ensino colaborativo, dois ou mais professores compartilham a responsabilidade de planejar, de implementar o ensino e da disciplina da sala de aula, podendo ocupar a mesma sala de aula.

Armadilhas comuns
Não faltam pesquisas na área e experiências que suscitam possibilidades e alternativas que extrapolam o atendimento na sala de recursos, reforçando a premissa de que o AEE não é reforço escolar ou atendimento substitutivo, esclarecendo que essas ações remetem ao legado exposto no início deste texto: de segregação e exclusão. Mas, se por um lado as políticas públicas avançaram, por outro, muitas ações ainda estão pautadas em antigos paradigmas, como dito no início. Este é o grande desafio da educação inclusiva: transpô-los para que possamos, de fato, adentrar plenamente no paradigma da inclusão.

Abaixo listamos algumas ações imprescindíveis de ficarem claras:

• O atendimento educacional especializado é complementar e/ou suplementar;
• O professor do AEE visa trabalhar com vistas à quebra de barreiras à plena aprendizagem do aluno na classe comum;
• O público-alvo do AEE é formado por alunos com deficiência, transtorno do espectro autista (TEA) e altas habilidades/superdotação;
• O professor do AEE trabalha de forma colaborativa com o da classe comum;
• O professor do AEE deve conhecer seu aluno realizando uma avaliação inicial cuidadosa, por meio de diversos atendimentos, conversas com familiares e professores da escola de origem;
• O AEE pode ser realizado em salas de recursos multifuncionais, centros de AEE da rede pública ou por instituições comunitárias, confessionais ou filantrópicas.

Fique de olho nas armadilhas:

• Nunca é substitutivo
• O atendimento educacional especializado não é reforço escolar;
• Não é público elegível para o AEE alunos com dificuldades de aprendizagem ou questões comportamentais;
• O professor do AEE não pode ficar encerrado em sua sala de aula. A aprendizagem do aluno também depende de sua articulação com toda a equipe escolar;
• Esse profissional não pode se pautar no laudo do aluno. O parecer médico é apenas mais uma das informações que o professor terá ao seu dispor. Inclusive o laudo não é condicionante para o atendimento no AEE;
• Não existe atendimento educacional especializado se o caráter for substitutivo. Portanto, não é ofertado em escolas ou classes especiais.

O professor do atendimento educacional especializado
Para que a política de educação inclusiva possa se efetivar é primordial e premente que os professores da classe comum, gestores escolares, professores de AEE e familiares tenham clareza desses papéis e objetivos. Eis então que nos deparamos com um dos maiores desafios do docente especializado: articular-se com todos esses atores, esclarecendo sua função enquanto professor do aluno, bem como enquanto parceiro da equipe escolar para trabalhos colaborativos com vistas a planejamentos e avaliações conjuntas do estudante atendido.

O objetivo final do professor do atendimento educacional especializado é sempre a aprendizagem do aluno na classe comum. Não adianta muito, por exemplo, o estudante com paralisia cerebral fazer uso da prancha de comunicação alternativa apenas na sala de recursos. Se o docente da classe comum não sabe como esse tipo de comunicação ocorre e não dá espaço para sua utilização no dia a dia escolar, parte do objetivo do AEE não foi conquistado.

Da mesma forma, não adianta muito o aluno cego saber ler e escrever em braile, se o professor da classe comum não transmitir para o do AEE os materiais que precisam ser transcritos para esse código e ofertar apenas textos em tinta que não possuem qualquer significado. Portanto, a premissa do atendimento educacional especializado é a colaboração e a articulação. É fundamental que os professores trabalhem em conjunto, pois o aluno é um ser único e indivisível.

 

Rosanna Claudia Bendinelli é doutoranda e mestre em educação especial pela Universidade de São Paulo. Já trabalhou como professora do atendimento educacional especializado (AEE) em escolas das redes pública e privada. É docente de educação inclusiva no Centro Universitário Senac e ministra cursos de formação na área para professores e gestores.

© Instituto Rodrigo Mendes. Licença Creative Commons BY-NC-ND 2.5. A cópia, distribuição e transmissão dessa obra são livres, sob as seguintes condições: você deve creditar a obra como de autoria de Rosanna Claudia Bendinelli e licenciada pelo Instituto Rodrigo Mendes e DIVERSA."
Lei Brasileira de Inclusão (LBI) e o acesso à educação,https://diversa.org.br/artigos/lei-brasileira-de-inclusao-lbi-e-o-acesso-a-educacao/,"O artigo apresenta a relação entre a Lei Brasileira de Inclusão e o direito à educação das pessoas com deficiência. A LBI estabelece que sistemas de ensino devem garantir condições de acesso, permanência, participação e aprendizagem, com oferta de recursos de acessibilidade e apoios necessários. O texto destaca que a inclusão não se resume à matrícula, pois exige ações concretas da escola para eliminar barreiras, promover convivência, adaptar práticas pedagógicas e assegurar que estudantes com deficiência tenham acesso ao currículo e à vida escolar.","Mara Gabrilli Publicado em 01/07/2016
Após 15 anos de tramitação e um árduo trabalho de consultas e audiências públicas por todo o Brasil, entrou em vigor em janeiro de 2016, a Lei brasileira de inclusão (LBI), o antigo Estatuto da Pessoa com Deficiência. A legislação passou por importantes transformações – trabalhadas em conjunto com toda a sociedade – e hoje assegura e institui direitos em áreas fundamentais como a da educação.

Leia também:
+ Como proceder quando a LBI não é cumprida?
+ Negativa de matrícula: reflexão sobre essa conduta ilegal

No meio do caminho tinha uma pedra. Tinha uma pedra no meio do caminho. Se pudesse resumir em poesia a realidade de muitos estudantes com deficiência no Brasil, as palavras de Carlos Drummond de Andrade cairiam muito bem. Ter uma deficiência em nosso país e ao mesmo tempo frequentar a escola são variáveis que muitas vezes não se encaixam em uma mesma sentença.

Uma decisão infeliz da 2ª Vara da Fazenda Pública de Florianópolis garantiu por meio de uma liminar o direito de instituições particulares de ensino do estado cobrarem taxas extras de alunos com deficiência. O pedido, encaminhado pelo Sindicato dos Estabelecimentos de Ensino do Estado de Santa Catarina (Sinepe/SC), felizmente, não vingou, já que o Supremo Tribunal Federal (STF) decidiu por ampla maioria a improcedência da ação. Os votos de alguns dos ministros chamaram a atenção para a necessidade de se combater o preconceito. Desse modo, o acesso de crianças e adolescentes com algum tipo de deficiência à educação na rede pública e nas escolas privadas não pode mais ser negado sob qualquer argumento e também está proibida a cobrança de qualquer valor adicional nas mensalidades e anuidades.

A decisão do STF baseou-se na constitucionalidade da LBI. De acordo com legislação, é dever do Estado, da família, da comunidade escolar e de toda a sociedade assegurar educação de qualidade à pessoa com deficiência, colocando-a a salvo de toda forma de violência, negligência e discriminação. Para isso, a LBI traz uma série de inovações na área, como a oferta de um auxiliar de vida escolar na educação básica e a multa e reclusão ao gestor que recusar ou dificultar o acesso ao estudante com deficiência. Isso significa que nenhuma escola particular poderá, por exemplo, cobrar tarifa aditiva ou recusar sua matrícula.

Há um esforço junto ao Conselho nacional de educação (CNE) para que os cursos de ensino superior revejam suas grades curriculares. Dessa forma, faculdades de arquitetura e engenharia poderão oferecer disciplinas de acessibilidade. Assim, recém-formados estarão preparados para projetar serviços e obras que contemplem o Desenho universal. A mesma lógica valerá para os cursos de medicina, que poderão incluir disciplinas como genética humana. Dessa forma, novos médicos saberão lidar com diagnósticos, como autismo ou doenças raras, de maneira clara e segura. O impacto dessa mudança é maior do que se imagina e começará a ser sentido em poucos anos, quando as primeiras turmas com esses conhecimentos se formarem.

Ainda nas faculdades, a LBI estabelece a adoção de medidas individualizadas e coletivas em ambientes que maximizem o desenvolvimento acadêmico e social dos alunos com deficiência, favorecendo o acesso, a permanência, a participação e a aprendizagem. A legislação também traz provisões com relação à oferta de educação bilíngue: agora a Língua brasileira de sinais (Libras) passa a ser reforçada como a primeira língua para surdos. E na modalidade escrita, a língua portuguesa passa ser secundária em escolas e classes bilíngues ou inclusivas.

Costumo muito dizer que entre todas as políticas públicas, a educação é que mais poder de transformação tem sobre um ser humano. Mas todos os exemplos bem-sucedidos só aconteceram pela parceria entre Estado, escola e comunidade. A própria LBI é um exemplo dessa parceria, já que é um projeto construído em grande parte com a sociedade civil. Agora temos a missão de compreender toda a dimensão dessa legislação robusta e fazer com que ela seja cumprida na prática. A nação dos mais de 45 milhões de brasileiros com deficiência conta agora com uma ferramenta para exigir seus direitos.

 

Mara Gabrilli, 48 anos, é tetraplégica. Publicitária e psicóloga, atualmente é deputada federal e secretária da Mesa Diretora da Câmara dos Deputados e foi relatora da Lei Brasileira de Inclusão (LBI). Empreendedora social, fundou em 1997 o Instituto Mara Gabrilli, ONG que apoia atletas com deficiência, promove o desenho universal e fomenta pesquisas científicas e projetos sociais.

©Instituto Rodrigo Mendes. Licença Creative Commons BY-NC-ND 2.5. A cópia, distribuição e transmissão dessa obra são livres, sob as seguintes condições: Você deve creditar a obra como de autoria de Mara Gabrilli e licenciada pelo Instituto Rodrigo Mendes e DIVERSA.
"
 Como respeitar a diversidade na escola com apoio da BNCC,https://diversa.org.br/artigos/como-respeitar-a-diversidade-na-escola-com-apoio-da-bncc/,"O artigo discute como a Base Nacional Comum Curricular (BNCC) orienta as escolas a acolherem a diversidade e combaterem o preconceito. O texto enfatiza a necessidade de revisão dos projetos pedagógicos, formação continuada para educadores e o uso de estratégias como o trabalho colaborativo e flexibilizações curriculares para garantir a inclusão de todos os estudantes. Além disso, destaca a importância de cuidar da dimensão afetiva dos professores e de promover uma mudança de mentalidade para superar as barreiras à inclusão.","Priscila Boy Publicado em 16/06/2023
Tendo como principal marca a velocidade das mudanças, o século XXI coloca a escola diante de um grande desafio: repensar a forma de ensinar e de se relacionar com os estudantes. O mundo está globalizado, passando pela afirmação das diferenças e por uma mudança de paradigma com o avanço da tecnologia, que impactou as relações sociais, a forma de convivência, o pensamento e a comunicação e, por isso, impõe novas formas de agir.  

Historicamente, as escolas foram pensadas e desenhadas para um pequeno grupo de privilegiados social, econômica, política e culturalmente. A entrada nos espaços acadêmicos era marcada por mérito ou por condição social. Quem frequentava a escola era a elite econômica ou a elite cultural. Muitas das crianças estavam fora da escola, que não era um espaço democrático, onde todos os cidadãos tinham o direito de estar.  

Atualmente, a escola como um espaço público e democrático precisa acolher as diferenças. É certo que, no espaço escolar, há uma diversidade enorme de pessoas, não apenas falando do grupo social constituído pelas pessoas com deficiência, mas de todos os indivíduos e grupos que – por razões distintas – ocupam uma posição de vulnerabilidade social ou em posição de preconceito e discriminação. 

Saiba mais 

+ Diversidade na educação: só tema bonito ou imprescindível? 

Estratégias pedagógicas com base na BNCC 
Há muitas leis que tratam de direitos específicos e de como devem ser conduzidas as ações em torno da diversidade. As desvantagens vividas por membros dos grupos que se encaixam na esfera do termo diversidade são infinitas e impossíveis de serem mapeadas, porque elas acontecem no dia a dia, em alguns segundos, e somente são percebidas ou seus efeitos sentidos por aqueles que as vivem. 

A Base Nacional Comum Curricular (BNCC), documento normativo que vai orientar a elaboração dos novos currículos escolares, fez questão de destacar a necessidade de a escola contribuir para aplacar toda discriminação e preconceito, dialogar com a multiculturalidade. 

Leia mais 

+ A BNCC favorece ou prejudica o atendimento de estudantes com deficiência em escolas comuns? 

A convivência e o respeito à diversidade devem ser dimensões fundamentais de uma escola acolhedora. Nesse sentido, a BNCC não é só o alicerce para os futuros profissionais, é, também, um elemento essencial para os seres humanos e cidadãos formados nas escolas. 

Na hora de construir o currículo, todo o Brasil deve se adequar às matrizes da BNCC e ao que ela propõe. Esse é um grande momento de mudança. As escolas devem aproveitar essa oportunidade, uma vez que deverão rever seus projetos pedagógicos em função da base. 

A defesa dos direitos humanos transpassa qualquer posicionamento político ou ideológico. Por isso, são fundamentais o diálogo e o entendimento em torno da BNCC, com o resgate de valores essenciais para a educação, como o integral respeito aos direitos de cada um no processo de formação de crianças e jovens. 

Formação continuada 
Atentas a isso, as escolas devem desenhar programas de formação continuada para os professores e gestores, além de dialogar com alunas, alunos e familiares. Combater o bullying, cyberbulling, aprender a conviver, são premissas essenciais de qualquer convivência humana, uma vez que os preconceitos emergem, muitas vezes, por causa do medo e da inabilidade de lidar com o diferente. 

Saiba mais 

+ Formação continuada a favor da educação de qualidade para todos 

O mais difícil é fazer com que o professor veja necessidade em seguir novos rumos, desconstruir práticas e abrir mão de suas convicções. A maior barreira para a mudança na educação está na mudança de mentalidade. 

Incluir verdadeiramente estudantes público-alvo da educação especial, por exemplo, requer conhecimento sobre práticas diferenciadas. Adequações curriculares, flexibilização dos tempos e espaços escolares. Trabalhos colaborativos, em grupo, são boas estratégias para garantir a participação de todos. São muitas as possibilidades, mas é preciso superar as barreiras.  

Para isso, nos programas de formação é necessário também cuidar do professor. Atuar na dimensão cognitiva, com aporte teórico, mas também de sua dimensão afetiva, emocional relacional e física.  O professor hoje é marcado por muitas pressões. Faz-se necessário montar programas de formação que abarquem as várias dimensões, tendo assim uma visão do ser humano integral. É preciso CUIDAR de quem cuida. 

Por isso, o caminho para se construir o respeito e atacar o preconceito não consiste em desconstruir identidades e anular os indivíduos em sua própria natureza, e sim aceitá-los e aprender a conviver com as singularidades. Respeitar as diferenças, sejam elas quais forem, é um papel de todos! 

Leia mais 

+ Projeto possibilita criação de escola inclusiva bilíngue em Caieiras
+ Boneco incentiva alimentação saudável de forma lúdica 

Priscila Boy é especialista em BNCC, currículo e Reforma do Novo Ensino Médio. É membro do GEINE, grupo de educação inclusiva da UFMG. Lançou o livro “Inquietações e desafios da escola – Inclusão, violência, aprendizagem e carreira docente”. 

Este artigo é de responsabilidade do autor e não representa, necessariamente, a opinião do Instituto Rodrigo Mendes.  

©️ Instituto Rodrigo Mendes. Licença Creative Commons BY-NC-ND 2.5. A cópia, distribuição e transmissão dessa obra são livres, sob as seguintes condições: você deve creditar a obra a sua autora, sendo licenciada por Instituto Rodrigo Mendes e DIVERSA. "
 Mapa de evidências: Salas de Recursos Multifuncionais,https://diversa.org.br/artigos/mapa-de-evidencias-salas-de-recursos-multifuncionais/,"O artigo apresenta um mapeamento da produção acadêmica sobre as Salas de Recursos Multifuncionais no Brasil entre 1994 e 2020. O texto destaca que essas salas são os espaços mais difundidos para o Atendimento Educacional Especializado (AEE), visando complementar a escolarização de estudantes com deficiência, TEA e altas habilidades. A análise revela que a maior parte das teses e dissertações concentra-se na área da Educação, com pico de publicações em 2014 e maior produção nas regiões Sudeste e Sul. Além disso, reforça a necessidade de planejamento contínuo, investimento em acessibilidade e trabalho colaborativo entre professores para garantir a inclusão efetiva.","Karolyne Ferreira e Gustavo Taniguti  Publicado em 27/09/2021
Em artigo publicado no DIVERSA, foram apresentados os marcos normativos que norteiam o funcionamento das Salas de Recursos Multifuncionais nas redes de ensino do Brasil.

A implementação dessas salas no país teve início em 2007 e convergiu com a Política Nacional de Educação Especial na Perspectiva Inclusiva (PNEEPI), de 2008. Atualmente, há cerca de 37 mil salas de recursos, multifuncionais ou não, segundo dados do Censo Escolar 2020 do Instituto Nacional de Estudos e Pesquisas Educacionais Anísio Teixeira (Inep)/Ministério da Educação (MEC). Isso representa 20,4% do total de escolas em atividade (181.279).

As Salas de Recursos Multifuncionais são os espaços mais difundidos para a realização do serviço de Atendimento Educacional Especializado (AEE). O atendimento é assegurado pelo Art. 208 da Constituição Federal, e hoje destina-se a estudantes público-alvo da Educação Especial (pessoas com deficiência, transtornos globais do desenvolvimento e altas habilidades/superdotação). Desse modo, todas as escolas devem ofertar o AEE, preferencialmente em Salas de Recursos Multifuncionais.

 

Em sala de aula, três estudantes brincam com carrinhos em um material que simula as ruas da cidade. Fim da descrição.Fonte: Instituto Rodrigo Mendes
Historicamente, as salas representam um avanço na tentativa de garantir que todos os estudantes tenham acesso à educação de qualidade na escola comum, pois o AEE tem como objetivo complementar e apoiar o ensino da sala de aula.

A multifuncionalidade é um fator essencial por garantir que as salas não serão preparadas por tipos de deficiência, fazendo com que se impere a visão social da deficiência, que foca nas potencialidades do indivíduo e não em seus impedimentos.

Estudos acadêmicos e políticas educacionais
Este artigo apresenta evidências da produção acadêmica sobre Salas de Recursos Multifuncionais. Entendemos que a produção de estudos é um dos resultados de políticas públicas educacionais. Ela é um dos principais meios para se fazer análise crítica, acompanhamento de políticas e mensuração de impactos.

Anos após as primeiras políticas de planejamento e implementação das Salas de Recursos em nível nacional, é possível indagar: qual é a frequência de estudos sobre esse tema? Onde são produzidos? Em qual nível de titulação?

Respostas a essas questões oferecem um panorama atual da produção acadêmica, também chamado de “mapa de evidências”.

Evidências da produção acadêmica
O Núcleo de Pesquisa e Tecnologias do Instituto Rodrigo Mendes atualmente conduz uma pesquisa sobre Salas de Recursos da rede estadual situadas no município de Campinas (SP). Ela é realizada em parceria com a Fundação Federação das Entidades Assistenciais de Campinas (FEAC).

Apresentamos a seguir alguns resultados alcançados até o momento, referentes à produção acadêmica stricto sensu (teses de doutorado e dissertações de mestrado) sobre Salas de Recursos Multifuncionais. Os dados foram extraídos do Catálogo de teses e dissertações da Capes.

Teses e dissertações sobre Salas de Recursos Multifuncionais por ano nível de titulação, 1994 a 2020 

[amcharts id=”chart-2″]

Descrição do gráfico: O gráfico em formato de linhas apresenta eixo vertical de quantidade de teses e dissertações sobre salas de recursos e eixo horizontal de tempo em anos. O eixo vertical tem variações de 0, 10, 20, 30, 40 e 50, números relativos à quantidade absoluta de publicações. Já o eixo horizontal tem variações de cinco em cinco anos, começando em 1990 e terminando em 2020. Na legenda do gráfico, há três itens: linha com círculo verde claro representa dissertações de mestrado; linha com círculo roxo representa teses de doutorado; linha com círculo laranja representa dissertações de mestrado profissionalizante.

As marcações em verde claro apontam que as dissertações de mestrado sobre salas de recursos tiveram início em 1994, com uma dissertação. Na sequência: uma dissertação em todos os anos de 1995 a 2000; duas em 2001; três em 2002; quatro em 2003; três em 2004; seis em 2005; quatro em 2006; oito em 2007; dez em 2008; nove em 2009; 15 em 2010; 17 em 2011; 17 em 2012; 45 em 2013; 47 em 2014; 38 em 2015; 44 em 2016; 39 em 2017; 18 em 2018; 31 em 2019; 23 em 2020.

Marcações em roxo apontam que houve duas teses de doutorado em 2001; uma em 2003; uma em 2005; uma em 2007; duas em 2009; uma em 2010; três em 2011; oito em 2012; sete em 2013; doze em 2014; sete em 2015; quinze em 2016; dez em 2017; três em 2018; quatro em 2019; três em 2020.

As marcações em laranja apontam que: houve duas dissertações de mestrado profissionalizante em 2010; uma em 2013; duas em 2014; nove em 2015; 13 em 2016; nove em 2017; 12 em 2018; 21 em 2019;

Na horizontal, há uma linha tracejada indicando a média de produção de teses e dissertações ao longo dos 26 anos mapeados. O resultado mostra que a média é de 11 trabalhos por ano. Fim da descrição.

Gráfico: Instituto Rodrigo Mendes. Fonte: CAPES, 2021.

Análise dos dados
A partir de critérios de seleção, foram identificadas 387 dissertações de mestrado, 80 teses de doutorado e 69 dissertações de mestrado profissionalizante, produzidas no período de 1994 a 2020. Os resultados obtidos indicam que:

• Há uma concentração de trabalhos na grande área das Ciências Humanas e, mais especificamente, na área da Educação. Ou seja, estudantes de pós-graduação em Educação são os mais interessados em realizar pesquisas sobre o tema.

• A maior parte dos trabalhos foi produzida no período entre 2012 e 2017. Isso refletiu, em grande medida, políticas educacionais como o Decreto nº 7.611/11, que dispõe sobre a modalidade Educação Especial e o AEE.

• O ano de 2014 foi o que mais registrou trabalhos sobre o tema. Também foi o ano que registrou o maior volume de recursos destinado ao fomento à pesquisa nos últimos vinte anos.

• As instituições que mais produzem sobre o tema são a Universidade Federal de São Carlos (UFscar) e a Universidade Federal do Rio Grande do Sul (UFRGS). Destacam-se também a Universidade Estadual Júlio de Mesquita Filho (UNESP) – Campus Marília, a Universidade de Brasília (UnB) e a Universidade Estadual de Maringá (UEM).

• Há uma concentração regional dessa produção. Até hoje, a maior parte dos trabalhos foi produzida na região Sudeste 41,2%, seguida pelas regiões Sul (25,3%), Nordeste (13%), Centro-Oeste (12,8%) e Norte (7,6%).

Uma característica comum desses trabalhos é o estudo de caso por município, por escola ou por ciclo escolar.

Subsídios para a ação
Ao detalhar a produção acadêmica sobre salas de recursos, foi possível constatar a sua contemporaneidade com diversas políticas públicas, conduzidas principalmente pelo governo federal. Ao mesmo tempo, essa produção vem fornecendo subsídios para reavaliar e aprimorar o impacto de tais políticas.

No contexto de transformação digital em escolas, o investimento na criação e manutenção das Salas de Recursos deve ser contínuo. É fundamental haver planejamento para a garantia de ferramentas de comunicação e acessibilidade, jogos educativos e ambientes de aprendizagem adaptativos. Da mesma forma é crucial que sejam oportunizados momentos de planejamento colaborativo entre o professor de AEE, que trabalha normalmente nas salas de recursos, com os professores regentes das turmas.

Isso cria condições para que os educadores trabalhem com múltiplos métodos de apresentação dos conteúdos curriculares, de mediação da aprendizagem e envolvimento dos alunos.

A participação de educadores e da comunidade nos Conselhos Escolares também é fundamental, pois é nesse momento que ocorre a discussão sobre o uso do suporte financeiro nas salas de recursos.

Leia mais

+ Estudo em Campinas aponta mudanças necessárias à educação inclusiva
+ Atendimento educacional especializado (AEE): pressupostos e desafios

Karolyne Ferreira é pesquisadora assistente do Instituto Rodrigo Mendes. Bacharel e licenciada em Geografia e mestre em ciências pela Universidade de São Paulo (USP).

Gustavo Taniguti é pesquisador do Instituto Rodrigo Mendes. Possui mestrado e doutorado em sociologia, realizou estágios de pesquisa nos Estados Unidos e na França e foi professor do Instituto Federal de Minas Gerais (IFMG).

©️ Instituto Rodrigo Mendes. Licença Creative Commons BY-NC-ND 2.5 Site externo. A cópia, distribuição e transmissão dessa obra são livres, sob as seguintes condições: você deve creditar a obra como autoria de Karolyne Ferreira e Gustavo Taniguti e licenciamento pelo Instituto Rodrigo Mendes Site externo e DIVERSA."
Por uma educação na perspectiva inclusiva,https://diversa.org.br/artigos/por-uma-educacao-na-perspectiva-inclusiva/,"O artigo analisa a importância da Política Nacional de Educação Especial na Perspectiva da Educação Inclusiva, conhecida como PNEEPEI, destacando sua relevância para ampliar matrículas de estudantes público-alvo da educação especial em classes comuns. O texto defende que a educação deve incorporar a perspectiva inclusiva de forma ampla, democrática e acolhedora da diversidade. Também reforça que a PNEEPEI ajudou a transformar a educação especial, deslocando-a de um modelo separado para uma atuação articulada à escola comum.","""Ou a educação é inclusiva, antirracista, democrática e acolhedora da diversidade, ou é mais uma prática de adestramento para um mundo que se pretende imutável”, defende André Lázaro, diretor de políticas públicas da Fundação Santillana

André Lázaro Publicado em 14/12/2023
A educação é uma prática social em que se instalam disputas entre distintas visões de mundo e de convivência em sociedade. Hoje, são nítidas as tensões entre concepções de educação que isolam a dimensão cognitiva e aquelas que advogam pelo desenvolvimento integral, como orientam a Constituição Federal e os Objetivos do Desenvolvimento Sustentável. Nos sistemas de ensino, ainda prevalece a competitividade em detrimento da cooperação, a padronização indiferente à diversidade, as respostas previstas que silenciam os questionamentos, os rankings das avaliações que desestimulam a troca de vivências, saberes e práticas.

A educação, quando alcança o entendimento da perspectiva da inclusão de todas as pessoas, promove uma revolução dos pressupostos daquela forma predominante que ignora as dimensões formativas das práticas educativas que valorizam a diversidade. Talvez esse choque nos ajude a entender as resistências à necessária ampliação da perspectiva que a educação inclusiva traz.

Não apenas os sistemas de ensino se fecham à transformação proposta pela perspectiva inclusiva. Em uma sociedade estruturalmente desigual, organizada pelo racismo e por outras formas de hierarquização do valor das gentes, as próprias famílias das pessoas com deficiência experimentam a contradição entre o isolamento que protege, mas limita; e a convivência, que traz riscos e incertezas, mas transforma e educa.

De fato, a perspectiva da educação inclusiva é transformadora, pois enfrenta barreiras e preconceitos. Mas não se deve subestimar o custo emocional para famílias e indivíduos que buscam na escola o exercício de seus direitos. Direito de aprender, de conviver, de fazer e de ser quem são.

Por essas razões, a retomada da Política Nacional de Educação Especial na Perspectiva da Educação Inclusiva (PNEEPEI) é uma notícia de grande importância não apenas para os sujeitos de direito e seus familiares. Esta política, em suas múltiplas dimensões, normas, investimentos e parcerias, é mais um movimento para educar a própria sociedade, pelo reconhecimento da igualdade das pessoas e seu consequente exercício de direitos.

Em 2008, quando foi instituída, o maior desafio da Política Nacional de Educação Especial na Perspectiva da Educação Inclusiva (PNEEPEI) era ampliar, nas classes comuns, as matrículas de pessoas com deficiência, transtornos globais do desenvolvimento (TGD) e altas habilidades ou superdotação, superando as práticas de isolamento social, predominantes na época. Frente a tantos desafios, técnicos e políticos, a PNEEPEI tem sido amplamente vitoriosa, como atestam os resultados da meta 4 do PNE, indicados no Relatório do 4º ciclo de monitoramento das metas do Plano Nacional de Educação:

“Em 2021, 93,5% das matrículas de educação básica de alunos de 4 a 17 anos de idade com deficiência, Transtornos Globais do Desenvolvimento (TGD) e altas habilidades ou superdotação ocorreram em classes comuns, o que representou um acréscimo de 8,2 pontos percentuais no período de 2013-2021.”

No entanto, ainda é necessário avançar em diversas dimensões, tarefa à qual se propõem as iniciativas recentemente anunciadas pelo Ministério da Educação.

Aprendemos muito com a adoção da PNEEPEI, inclusive a resistir às tentativas de destruí-la em favor da volta à segregação. Aprendemos que a educação inclusiva amplia o sentido da própria educação para todas as pessoas que frequentam a escola, renovando seu caráter humanista e integrador. Talvez, por isso, seja interessante propor uma pequena, mas significativa alteração no nome da Política: não mais a “política de educação especial na perspectiva da educação inclusiva”, mas toda a educação deve incorporar a perspectiva inclusiva, de modo que se reafirme que ou a educação é inclusiva, antirracista, democrática e acolhedora da diversidade, ou é mais uma prática de adestramento para um mundo que se pretende imutável, mesmo diante dos desastres ambientais e desequilíbrios sociais que se ampliam.

“Educação na perspectiva inclusiva” deve ser o nome de toda educação que pretende honrar as esperanças, que herdamos e vamos legar, de um mundo mais justo, inclusivo e sustentável.

Sobre o Autor
André Lázaro é um homem branco, de cabelos curtos e barba branca. Usa uma camisa azul. Fim da descrição.
André Lázaro é diretor de políticas públicas da Fundação Santillana. Bacharel e licenciado em letras, mestre e doutor em comunicação e cultura pela UFRJ, atuou na educação básica e superior. Aposentou-se como professor associado na UERJ. Participou da criação da Secretaria de Educação Continuada, Alfabetização e Diversidade (SECAD/MEC) em 2004, da qual foi diretor e posteriormente secretário nacional de 2007 a 2010. Em 2011 foi secretário executivo da Secretaria Especial de Direitos Humanos da Presidência da República. Presidiu, de 2010 a 2016, o Conselho Assessor do Plano de Metas Educativas 2021 da Organização dos Estados Ibero-americanos (OEI). É pesquisador da Flacso-Brasil e integra o Laboratório de Políticas Públicas da UERJ. Atualmente participa do Conselho Deliberativo do Fundo Baobá de Equidade Racial.

 

Este artigo é de responsabilidade do autor e não representa, necessariamente, a opinião do Instituto Rodrigo Mendes.  

©️ Instituto Rodrigo Mendes. Licença Creative Commons BY-NC-ND 2.5. A cópia, distribuição e transmissão dessa obra são livres, sob as seguintes condições: você deve creditar a obra ao autor, licenciada por Instituto Rodrigo Mendes e DIVERSA.    "
Educação inclusiva e formação docente,https://diversa.org.br/artigos/educacao-inclusiva-e-formacao-docente/,"O artigo discute a formação docente para a educação inclusiva e relaciona esse tema à Lei de Diretrizes e Bases da Educação Nacional. A LDB aponta que os sistemas de ensino devem assegurar professores com formação adequada para o atendimento especializado e professores do ensino regular capacitados para atuar com estudantes público-alvo da educação especial nas classes comuns. O texto reforça que a inclusão depende de uma escola democrática, capaz de respeitar diferentes tempos, trajetórias e formas de aprendizagem.","Sonia Maria Rodrigues Publicado em 26/06/2012
São muitos os desafios encontrados no processo de implantação da política de educação inclusiva no Brasil, mas a falta de preparo das professoras e professores ganha destaque. Com a entrada de pessoas com deficiência, transtorno do espectro autista (TEA) e altas habilidades/superdotação nas escolas comuns, muitos docentes passaram a se sentir confusos, despreparados e incapazes para acolher esses estudantes e, sobretudo, para trabalhar com propostas que atendessem às necessidades, expectativas e demandas próprias de cada um. O reconhecimento de dificuldades na formação docente para a educação inclusiva deve ser não uma justificativa para os fracassos, mas um motor para a construção de experiências bem-sucedidas onde a educação é de qualidade e verdadeiramente para todos.

Leia também:
+ Qual é o preparo necessário para incluir um estudante com deficiência?
+ Inclusão e cursos de especialização voltados a deficiências específicas

Para ser, de fato, inclusiva, é essencial que ocorram na escola mudanças radicais em suas estruturas físicas, material e de pessoal, em seu projeto político-pedagógico (PPP) e em sua gestão administrativa. O paradigma da inclusão pressupõe uma escola democrática, que respeita o tempo do estudante, que coloca a aprendizagem no centro e que estimula o trabalho colaborativo e participativo. No entanto, que tipo de formação atenderia ao apelo dos professores que se sentem despreparados e desamparados no atendimento dos educandos com deficiência? Quais os saberes necessários para educar a todos? Quais as diretrizes para a formação inicial e a formação continuada na perspectiva da educação inclusiva?

Professores capacitados e professores especializados
A Lei de diretrizes e bases (LDB) de 1996, ao definir o que os sistemas de ensino devem assegurar aos estudantes com deficiência, aponta uma diretriz para a formação docente: “professores com especialização adequada em nível médio ou superior, para atendimento especializado, bem como professores do ensino regular, capacitados para a integração desses educandos nas classes comuns”. Como é possível perceber, há uma diferenciação entre educadores com especialização para os atendimentos especializados e aqueles capacitados para atuarem nas classes comuns. Acompanhando o que está posto na LDB, o documento Diretrizes nacionais para a educação especial na educação básica (2001) traz uma definição mais detalhada dos termos e as competências de cada um.

Os professores capacitados, para serem assim denominados, devem ter uma disciplina em sua formação inicial a respeito da educação especial e da educação inclusiva, além de adquirir competências para perceber as necessidades educacionais específicas dos estudantes e flexibilizar a ação pedagógica para atender as suas especificidades. Mas essas não são tarefas simples. Uma disciplina nos cursos de formação docente que aborde questões relativas à educação especial e à educação inclusiva não dá conta da complexidade e da abrangência dos temas. Nesse caso podemos falar de informação, mas não de formação.

A formação dos professores especializados, os que vão trabalhar no atendimento educacional especializado (AEE), deve acontecer em cursos específicos. Esses profissionais também devem apoiar os educadores das escolas regulares que tiverem crianças e adolescentes com essas particularidades em suas salas de aula.

Parcerias para a formação docente continuada
E quanto à formação continuada dos profissionais que estão recebendo, em suas salas de aula, os estudantes com deficiência? Quais os caminhos, as possibilidades de uma formação que os ajude a dar conta da realidade?

A parceria entre universidades e escolas públicas e privadas seria um bom começo. Não no sentido da universidade trazer um conhecimento, mantendo o costume de verticalizar ações junto aos docentes em formação, mas na vertente de trabalhar junto com as instituições escolares possibilidades de construir um saber a respeito do processo de implementação da política de educação inclusiva. Como as unidades de ensino podem receber, acolher, conhecer e planejar o atendimento das necessidades educacionais específicas? Essa é, por excelência, uma ação coletiva. Cada seguimento da comunidade escolar precisa reconhecer seu papel na efetivação da inclusão e pensar em ações que possam facilitar o processo de inclusão. Após a matrícula, o que pode ser feito para receber o estudante, conhecê-lo e traçar caminhos para sua adaptação e inserção real na dinâmica da escola.

O conhecimento a respeito dos tipos de deficiências, transtornos globais do desenvolvimento e altas habilidades/superdotação com a conceituação, características e possibilidades de trabalho pedagógico, pode ser de grande valia para os profissionais da educação, mas é necessário que se considere sempre a dimensão do sujeito que apresenta essas diferenças. Assim, a discussão de casos, a socialização de experiências bem-sucedidas no coletivo da escola, também pode ser uma ferramenta de grande ajuda para toda a comunidade escolar.

Considerações finais
É preciso reconhecer que o Brasil tem uma base de sustentação legal que deveria contribuir para que as mudanças educacionais acontecessem num processo crescente de introdução de novos conhecimentos e novas práticas. Mas algumas questões dificultam a realização do sonho da inclusão:

• Nas universidades, a temática da educação das pessoas com deficiência ainda não é incorporada como uma discussão geral. A formação inicial se resume a uma disciplina que não consegue atender à complexidade do tema e a formação continuada precisa ser discutida e aliada a ações de pesquisas e extensão.

• Os alunos com deficiência não são considerados, nas escolas, como estudantes e sim como problemas que chegam. O foco no déficit, na falta, na impossibilidade precisa ser vencido, desconstruído, para que essas pessoas assumam seus lugares de educandos, de sujeitos capazes de aprender.

• O poder público, no âmbito federal, estadual e municipal precisa vencer a etapa das intenções e passar às ações. Investimentos nas mudanças físicas das escolas, aquisição de materiais, contratação de professores especializados e formação dos professores em serviço necessitam acontecer em caráter de urgência.

Essas são apenas algumas situações que precisam de atenção para que a educação inclusiva não seja uma proposta irreal e sem possibilidades de se concretizar. O que vemos é uma política pública com um discurso muito diferente da prática. Essa situação de divergências e conflitos pode levar ao malogro de uma proposta democrática e justa, a ideia de uma escola que não exclui, que aceita, atende e respeita a todos. Mudanças no campo da formação docente para a educação inclusiva podem contribuir de maneira significativa para que as mudanças nas escolas aconteçam de fato e que experiências bem-sucedidas não sejam mais exceções no nosso cenário educacional e sim a norma de uma educação democrática.

Sonia Maria Rodrigues é professora do curso de pedagogia da Universidade do Estado de Minas Gerais (UEMG).

© Instituto Rodrigo Mendes. Licença Creative Commons BY-NC-ND 2.5. A cópia, distribuição e transmissão dessa obra são livres, sob as seguintes condições: Você deve creditar a obra como de autoria de Sonia Maria Rodrigues e licenciada pelo Instituto Rodrigo Mendes e DIVERSA."
A legislação federal brasileira e a educação de alunos com deficiência,https://diversa.org.br/artigos/a-legislacao-federal-brasileira-e-a-educacao-de-alunos-com-deficiencia/,"O artigo traça uma linha do tempo da legislação sobre educação especial no Brasil, iniciando com a Constituição Federal de 1988. O texto destaca marcos legais importantes que garantiram direitos a grupos historicamente marginalizados e consolidaram o dever do Estado com a oferta de educação para estudantes com deficiência."," Marta Gil Publicado em 08/09/2017
Desde os tempos da colônia, a educação de estudantes com deficiência no Brasil recebeu algum tipo de atenção. Mas não vamos voltar tanto assim no tempo. O ponto de partida desta linha do tempo da legislação relativa à educação especial é o ano de 1988, quando foi promulgada a Constituição federal ainda em vigor. Ela foi chamada “Constituição cidadã”, porque garantiu direitos a grupos sociais até então marginalizados, como as pessoas com deficiência – que também participaram ativamente de sua elaboração.

Leia também:
+ Veja caminhos para garantir os direitos dos estudantes com deficiência

A seguir, apresentamos de forma resumida as principais leis, diretrizes e programas sobre educação especial do Brasil.

A legislação federal
1988
Constituição federal: o artigo 205 define a educação como um direito de todos, que garante o pleno desenvolvimento da pessoa, o exercício da cidadania e a qualificação para o trabalho. Estabelece a igualdade de condições de acesso e permanência na escola como um princípio. Por fim, garante que é dever do Estado oferecer o atendimento educacional especializado (AEE), preferencialmente na rede regular de ensino.

1994
Portaria do Ministério da Educação (MEC) nº 1.793: recomenda a inclusão de conteúdos relativos aos aspectos éticos, políticos e educacionais da normalização e integração da pessoa portadora de necessidades especiais nos currículos de formação de docentes.

1996
Lei nº 9.394 – Lei de diretrizes e bases da educação nacional (LDB): define educação especial, assegura o atendimento aos educandos com necessidades especiais e estabelece critérios de caracterização das instituições privadas sem fins lucrativos, especializadas e com atuação exclusiva em educação especial para fins de apoio técnico e financeiro pelo poder público.

1999
Decreto nº 3.298: dispõe sobre a Política nacional para a integração da pessoa portadora de deficiência. A educação especial é definida como uma modalidade transversal a todos os níveis e modalidades de ensino.

Resolução da Câmara de educação básica do Conselho nacional de educação (CNE/CEB) nº 4: institui as diretrizes curriculares nacionais para a educação profissional de nível técnico. Também aborda, no artigo 16, a organização do sistema nacional de certificação profissional baseado em competências.

2001
Resolução CNE/CEB nº 2: institui as diretrizes nacionais para a educação especial na educação básica. Afirma que os sistemas de ensino devem matricular todos os alunos, cabendo às escolas organizarem-se para o atendimento aos educandos com necessidades educacionais especiais, assegurando as condições necessárias para uma educação de qualidade para todos.

Parecer CNE/CP nº 9: institui as diretrizes curriculares nacionais para a formação de professores da educação básica em nível superior. Estabelece que a educação básica deve ser inclusiva, para atender a uma política de integração dos estudantes com necessidades educacionais especiais nas classes comuns dos sistemas de ensino. Isso exige que a formação dos docentes das diferentes etapas inclua conhecimentos relativos à educação desses alunos.

Parecer CNE/CEB nº 17: destaca-se por sua abrangência, indo além da educação básica, e por se basear em vários documentos sobre educação especial. No item 4, afirma que a inclusão na rede regular de ensino não consiste apenas na permanência física desses alunos junto aos demais educandos, mas representa a ousadia de rever concepções e paradigmas, bem como de desenvolver o potencial dessas pessoas.

2002
Lei nº 10.436: dispõe sobre a Língua brasileira de sinais (Libras). Reconhece a língua de sinais como meio legal de comunicação e expressão, bem como outros recursos de expressão a ela associados.

Portaria MEC nº 2.678: aprova o projeto da grafia braile para a língua portuguesa, recomenda seu uso em todo o território nacional e estabelece diretrizes e normas para a utilização, o ensino, a produção e a difusão do Sistema Braille em todas as modalidades de ensino.

2003
Portaria nº 3.284: dispõe sobre os requisitos de acessibilidade de pessoas portadoras de deficiência, para instruir os processos de autorização e de reconhecimento de cursos e de credenciamento de instituições.

2004
Programa universidade para todos (PROUNI): programa do Ministério da Educação que concede bolsas de estudo em instituições privadas de educação superior, em cursos de graduação e sequenciais de formação específica, a estudantes. Pessoas com deficiência podem concorrer a bolsas integrais.

2005
Programa de acessibilidade no ensino superior (Programa incluir): propõe ações que garantem o acesso pleno de pessoas com deficiência às instituições federais de ensino superior (ifes). O programa tem como principal objetivo fomentar a criação e a consolidação de núcleos de acessibilidade nessas unidades, os quais respondem pela organização de ações institucionais que garantam a integração de pessoas com deficiência à vida acadêmica, eliminando barreiras comportamentais, pedagógicas, arquitetônicas e de comunicação.

Decreto nº 5.626: regulamenta a Lei nº 10.436, de 24 de abril de 2002, que dispõe sobre a Libras, e o art. 18 da Lei nº 10.098, de 19 de dezembro de 2000. Dispõe sobre a inclusão da Libras como disciplina curricular; a formação e a certificação do professor, instrutor, tradutor e intérprete; o ensino de língua portuguesa como segunda língua para alunos surdos e a organização da educação bilíngue no ensino regular.

2007
Plano de Desenvolvimento da Educação (PDE): recomenda a acessibilidade arquitetônica dos prédios escolares, a implantação de salas de recursos multifuncionais e a formação docente para o atendimento educacional especializado (AEE).

Decreto nº 6.094: implementa o Plano de Metas Compromisso Todos pela Educação, que destaca a garantia do acesso e permanência no ensino regular e o atendimento às necessidades educacionais especiais dos alunos para fortalecer a inclusão educacional nas escolas públicas.

2008
Política nacional de educação especial na perspectiva da educação inclusiva: documento de grande importância, fundamenta a política nacional educacional e enfatiza o caráter de processo da inclusão educacional desde o título: “na perspectiva da”. Ou seja, ele indica o ponto de partida (educação especial) e assinala o ponto de chegada (educação inclusiva).

Decreto legislativo nº 186: aprova o texto da Convenção sobre os direitos das pessoas com deficiência e de seu protocolo facultativo, assinados em Nova Iorque, em 30 de março de 2007. O artigo 24 da Convenção aborda a educação inclusiva.

2009
Decreto executivo nº 6.949: promulga a Convenção sobre os direitos das pessoas com deficiência e seu protocolo facultativo.

Resolução MEC CNE/CEB nº 4: institui as diretrizes operacionais para o atendimento educacional especializado na educação básica, modalidade educação especial. Afirma que o AEE deve ser oferecido no turno inverso da escolarização, prioritariamente nas salas de recursos multifuncionais da própria escola ou em outra escola de ensino regular.

2011
Plano nacional dos direitos da pessoa com deficiência (Plano viver sem limite): no art. 3º, estabelece a garantia de um sistema educacional inclusivo como uma das diretrizes. Ele se baseia na Convenção sobre os direitos das pessoas com deficiência, que recomenda a equiparação de oportunidades. O plano tem quatro eixos: educação, inclusão social, acessibilidade e atenção à saúde. O eixo educacional prevê:

• Implantação de salas de recursos multifuncionais, espaços nos quais é realizado o AEE;
• Programa escola acessível, que destina recursos financeiros para promover acessibilidade arquitetônica nos prédios escolares e compra de materiais e equipamentos de tecnologia assistiva;
• Programa caminho da escola, que oferta transporte escolar acessível;
• Programa nacional de acesso ao ensino técnico e emprego (Pronatec), que tem como objetivo expandir e democratizar a educação profissional e tecnológica no país;
• Programa de acessibilidade no ensino superior (Incluir);
• Educação bilíngue – Formação de professores e tradutores-intérpretes em Língua Brasileira de Sinais (Libras);
• BPC na escola.

Decreto nº 7.611: declara que é dever do Estado garantir um sistema educacional inclusivo em todos os níveis e em igualdade de oportunidades para alunos com deficiência; aprendizado ao longo da vida; oferta de apoio necessário, no âmbito do sistema educacional geral, com vistas a facilitar sua efetiva educação, entre outras diretrizes.

Nota Técnica MEC/SEESP/GAB nº 06: dispõe sobre avaliação de estudante com deficiência intelectual. Estabelece que cabe ao professor do atendimento educacional especializado a identificação das especificidades educacionais de cada estudante de forma articulada com a sala de aula comum. Por meio de avaliação pedagógica processual, esse profissional deverá definir, avaliar e organizar as estratégias pedagógicas que contribuam com o desenvolvimento educacional do estudante, que se dará junto com os demais na sala de aula. É, portanto, importantíssima a interlocução entre os professores do AEE e da sala de aula regular.

2012
Decreto nº 7.750: regulamenta o Programa um computador por aluno (PROUCA) e o regime especial de incentivo a computadores para uso educacional (REICOM). Estabelece que o objetivo é promover a inclusão digital nas escolas das redes públicas de ensino federal, estadual, distrital, municipal e nas escolas sem fins lucrativos de atendimento a pessoas com deficiência, mediante a aquisição e a utilização de soluções de informática.

2013
Parecer CNE/CEB nº 2: responde à consulta sobre a possibilidade de aplicação de “terminalidade especifica” nos cursos técnicos integrados ao ensino médio: “O IFES entende que a ‘terminalidade específica’, além de se constituir como um importante recurso de flexibilização curricular, possibilita à escola o registro e o reconhecimento de trajetórias escolares que ocorrem de forma especifica e diferenciada”.

2014
Plano nacional de educação (PNE): define as bases da política educacional brasileira para os próximos 10 anos. A meta 4, sobre educação especial, causou polêmica: a redação final aprovada estabelece que a educação para os alunos com deficiência deve ser oferecida “preferencialmente” no sistema público de ensino. Isso contraria a Convenção sobre os direitos das pessoas com deficiência, a Constituição federal e o texto votado nas preparatórias, que estabelecem a universalização da educação básica para todas as pessoas entre 4 e 17 anos em escolas comuns – sem a atenuante do termo “preferencialmente”.

Portaria interministerial nº 5: trata da reorganização da Rede nacional de certificação profissional (Rede Certific). Recomenda, entre outros itens, respeito às especificidades dos trabalhadores e das ocupações laborais no processo de concepção e de desenvolvimento da certificação profissional.

2015
Lei nº 13.146 – Lei brasileira de inclusão da pessoa com deficiência (LBI): o capítulo IV aborda o direito à educação, com base na Convenção sobre os direitos das pessoas com deficiência, que deve ser inclusiva e de qualidade em todos os níveis de ensino; garantir condições de acesso, permanência, participação e aprendizagem, por meio da oferta de serviços e recursos de acessibilidade que eliminem as barreiras. O AEE também está contemplado, entre outras medidas.

2016
Lei nº 13.409: dispõe sobre a reserva de vagas para pessoas com deficiência nos cursos técnico de nível médio e superior das instituições federais de ensino. As pessoas com deficiência serão incluídas no programa de cotas de instituições federais de educação superior, que já contempla estudantes vindos de escolas públicas, de baixa renda, negros, pardos e indígenas. O cálculo da cota será baseado na proporcionalidade em relação à população, segundo o censo 2010 do Instituto Brasileiro de Geografia e Estatística (IBGE).

Referências internacionais
Declarações e relatórios de agências de cooperação internacional são importantes para fortalecer a educação inclusiva, pois propõem valores e diretrizes que fundamentam a elaboração de leis e decretos. A seguir, apresentamos de forma resumida as principais referências internacionais sobre educação inclusiva.

1990
Declaração de Jomtien (Tailândia): destacou os altos índices de crianças e jovens sem escolarização e propôs transformações nos sistemas de ensino, visando assegurar a inclusão e a permanência de todos na escola.

1994
Declaração de Salamanca (Espanha): reafirmou “(…) o nosso compromisso para com a Educação para Todos, reconhecendo a necessidade e urgência do providenciamento de educação para as crianças, jovens e adultos com necessidades educacionais especiais dentro do sistema regular de ensino”.

1999
Convenção da Guatemala: trouxe o princípio da não discriminação, que recomenda “tratar igualmente os iguais e desigualmente os desiguais”. Ou seja, é preciso garantir direitos iguais de participação, de aprendizagem, de trabalho, entre outros. Nesse sentido, se for necessário oferecer recursos, metodologias ou tratamento diferenciado visando proporcionar condições adequadas, a indicação é que sejam mobilizados todos os investimentos que assegurem a equiparação de oportunidades. Esta não é uma ação discriminatória; ao contrário, ela visa promover o acesso, fazendo um movimento de inclusão fundamentado no princípio da diversidade, para o qual a diferença é uma realidade, não um problema. A Convenção vigora no Brasil desde setembro de 2001, quando foi aprovada pelo Senado com o Decreto legislativo nº 198.

2006
Convenção sobre os direitos das pessoas com deficiência: assegura que pessoas com deficiência desfrutem os mesmos direitos humanos de qualquer outra pessoa: elas são capazes de viver suas vidas como cidadãos plenos, que podem dar contribuições valiosas à sociedade, se tiverem as mesmas oportunidades que os outros têm. O artigo 24, que aborda a educação, é claro: “Para efetivar esse direito sem discriminação e com base na igualdade de oportunidades, os Estados Partes assegurarão sistema educacional inclusivo em todos os níveis, bem como o aprendizado ao longo de toda a vida”.

2013
Relatório situação mundial da infância: realizado pelo Unicef (2013), o documento traz informações qualitativas e quantitativas sobre a inclusão de crianças e adolescentes na educação, inclusive no Brasil.

2015
Objetivos de desenvolvimento sustentável: dão continuidade aos Objetivos de desenvolvimento do milênio (ODM) e valem de 2015 até 2030. São 17 objetivos e 169 metas sobre erradicação da pobreza, segurança alimentar e agricultura, saúde, educação, igualdade de gênero, redução das desigualdades, entre outros. O objetivo 4 é assegurar a educação inclusiva e equitativa de qualidade e promover oportunidades de aprendizagem ao longo da vida para todos.

• Meta 4.1: até 2030, garantir que todas as meninas e meninos completem o ensino primário e secundário livre, equitativo e de qualidade, que conduza a resultados de aprendizagem relevantes e eficazes;

• Meta 4.5: até 2030, eliminar as disparidades de gênero na educação e garantir a igualdade de acesso a todos os níveis de educação e formação profissional para os mais vulneráveis, incluindo as pessoas com deficiência, povos indígenas e as crianças em situação de vulnerabilidade;

• Meta 4.7: construir e melhorar instalações físicas para educação, apropriadas para crianças e sensíveis às deficiências e ao gênero e que proporcionem ambientes de aprendizagem seguros, não violentos, inclusivos e eficazes para todos.

 

Marta Gil é coordenadora executiva do Amankay Instituto de Estudos e Pesquisas, consultora na área de inclusão de pessoas com deficiência, responsável pela concepção do DISCOVERY, primeiro jogo corporativo sobre inclusão, consultora da série “O futuro que queremos – Trabalho decente e inclusão de pessoas com deficiência” (OIT e Ministério Público do Trabalho), responsável pela elaboração da Metodologia SESI SENAI de gestão da inclusão na indústria, Fellow da Ashoka Empreendedores Sociais. Autora dos livros “Caminhos da inclusão – A trajetória da formação profissional de pessoas com deficiência no SENAI-SP”, “As cores da Inclusão – SENAI MA” e organizadora do livro “Educação Inclusiva: o que o professor tem a ver com isso?”, USP/Fundação Telefônica/Ashoka, prêmio Imprensa Social.

Artigo originalmente publicado em fevereiro de 2013 e atualizado pela autora em setembro de 2017.

© Instituto Rodrigo Mendes. Licença Creative Commons BY-NC-ND 2.5. A cópia, distribuição e transmissão dessa obra são livres, sob as seguintes condições: Você deve creditar a obra como de autoria de Marta Gil e licenciada pelo Instituto Rodrigo Mendes e DIVERSA."
 A interdependência dos princípios da inclusão e da democracia,https://diversa.org.br/artigos/a-interdependencia-dos-principios-da-inclusao-e-da-democracia/,"O artigo discute a interdependência entre inclusão e democracia, defendendo que a educação precisa ser inclusiva para ser verdadeiramente democrática e garantir a participação de todos, sem exclusões. O texto destaca a importância de superar barreiras atitudinais, promover a gestão democrática por meio de instâncias como conselhos e assembleias escolares, e reconhecer a diversidade como constituinte da humanidade para que ninguém fique à margem dos processos educacionais.","Para o consultor pedagógico Denis Plapler, a educação precisa ser inclusiva para ser democrática. Apenas assim poderá de fato garantir a participação do coletivo, sem exclusões de qualquer natureza

Denis Plapler Publicado em 24/05/2024
Em sala de aula, grupo de estudantes estão sentados em roda juntamente com jovens participantes do Rede Não Bate, Eduque durante momento de conversa. Fim da descrição.Momento de escuta ativa em escola do Rio de Janeiro. Roda de conversa é conduzida por jovens participantes do Rede Não Bate, Eduque, do Criativos da Escola, projeto do Instituto Alana. Crédito: Acervo/Criativos da Escola
Compreender a educação como um processo individual e coletivo de produção de conhecimento e cultura exige de nós, educadores, uma reflexão a respeito das nossas ações cotidianas. Será que estamos contribuindo para a construção de uma sociedade mais democrática e inclusiva? 

Inclusão não se limita a garantir rampas de acesso, pisos adequados e portas amplas para a circulação de pessoas que utilizam cadeiras de rodas. Além de barreiras físicas, precisamos superar aquelas que passam pelas nossas atitudes, sem dúvida. Desenvolver um olhar sensível e um comportamento solidário é urgente se pretendemos, de fato, atuar por uma educação inclusiva. 

Em sua obra, o filósofo e pensador francês Michel Foucault (1926-1984) nos ajuda a entender como as instituições e autoridades das distintas épocas históricas atuam de forma a estabelecer padrões rígidos daquilo que é tratado socialmente como a norma, o normal, consequentemente definindo também aquilo que será tratado como doença, anormalidade ou loucura.  

Quando trazemos essa reflexão para a escola, compreendemos que ainda estamos distantes de abrir espaço para que toda a comunidade escolar, em especial os estudantes, possam se manifestar na pluralidade e na diversidade dos modos de ser e estar, sem que ninguém fique à margem dos processos. 

Quando nos relacionamos com estudantes com deficiência, por exemplo, precisamos evitar transformar os desafios educacionais cotidianos em assuntos médicos, que buscam apagar as diferenças, sem compreender que a diversidade é constitutiva da humanidade. Isso implica em rever nossas práticas e concepções na busca por estratégias que reconheçam e apostem no potencial de cada indivíduo. E também exige superar a crença de que todos os estudantes devem responder do mesmo modo e ao mesmo tempo às expectativas de ensino e aprendizagem impostas pela escola tradicional. 

Cabe, assim, lembrar a importância do vínculo entre os estudantes para o processo de ensino e aprendizagem na escola e para a construção de relações de tolerância e respeito. Por isso, na educação, os princípios da inclusão e da democracia são fatores completamente interdependentes.  

Gestão democrática e suas instâncias de participação  
Quando realizada de forma autêntica, a gestão democrática permite a participação e a construção coletiva, com a sua multiplicidade de vozes para promoção do sentido e da inteligência coletiva. É a convivência em espaços democráticos que nos ensina a levantar a mão para aguardar a vez de falar, reconhecendo e garantindo o direito de todas as pessoas à voz e à escuta, sejam estudantes, docentes, funcionários e familiares, não apenas a direção e a coordenação, mas todos os agentes envolvidos no processo. 

É a educação democrática que nos ensina a importância do diálogo para construção do conhecimento e do reconhecimento do outro. Ela exige romper com tudo que é autoritário, vertical e unilateral. Nos provoca a identificar não apenas o autoritarismo nos outros, mas em nós mesmos, de modo que aprendamos a nos autoavaliar antes de apontar, avaliar e dar nota para os outros.  

A construção de um projeto político pedagógico democrático nos exige romper com a hierarquia para nos relacionarmos com disposição autêntica para o diálogo entre iguais, independentemente de diferenças e divergências, reconhecendo a legitimidade das diversas formas de existir. Isso é o oposto do que ocorre nas relações verticais e hierárquicas — tão vigentes em nossa sociedade, nas quais um manda e outro obedece.  

A assembleia escolar é um dos principais dispositivos pedagógicos da educação democrática, pois favorece a participação direta no lugar da representação. Os conselhos escolares são também uma das principais ferramentas para promover a gestão democrática nas escolas brasileiras. O Plano Nacional de Educação (PNE) destaca a importância desses espaços de participação da comunidade escolar, incluindo familiares, estudantes, professores e funcionários, na gestão das escolas.  

No entanto, segundo o relatório de acompanhamento da Meta 19 feito pelo Instituto Nacional de Estudos e Pesquisas Educacionais Anísio Teixeira (Inep), apenas 40,3% das escolas públicas brasileiras tinham, em 2022, colegiados intraescolares, como conselho escolar, associação de pais e mestres e grêmio estudantil. Há, portanto, muito a avançar para que a gestão democrática se efetive nas instituições de ensino.  

A educação precisa ser inclusiva para ser democrática. Apenas assim poderá de fato garantir a participação verdadeira do coletivo, sem exclusões e perversões de qualquer natureza. Para tanto, muitas vezes se fazem necessárias diferentes intervenções e estratégias pedagógicas para a superação de qualquer tipo de exclusão durante os momentos de convivência entre os estudantes e de realização das atividades que fazem parte dos processos de ensino aprendizagem.  

Assim, se queremos de fato construir uma cultura democrática e inclusiva, a nossa prática educativa precisa ser reflexiva. Para tanto, precisamos de inteligência pedagógica — que jamais poderá ser artificializada, assim como o mar, o ar e as plantas, pois precisamos de um planeta vivo, de seres vivos, de gente viva, inteligente e capaz.

 

Sobre o autor
Homem branco, com barba e pigode ralos e camisa rosa. Fim da descrição

Denis Plapler é mestre em filosofia da educação pela Faculdade de Educação da Universidade de São Paulo (USP), sociólogo pela Pontifícia Universidade Católica de São Paulo (PUC SP) e bacharel em comunicação social pela Fundação Armando Alvares Penteado (FAAP). Criador do Portal do Educador, trabalhou como coordenador pedagógico no Colégio Viver e no Projeto Âncora. Foi consultor e assessor pedagógico da Organização das Nações Unidas para a Educação, a Ciência e a Cultura (Unesco) e do Ministério da Educação (MEC) no mapeamento de escolas inovadoras no Brasil. Foi supervisor de pesquisa e coordenador do Programa de Desenvolvimento Docente da Faculdade Getúlio Vargas (FGV). Atua como professor, consultor pedagógico, especialista em ensino-aprendizagem e pedagogias inclusivas, inovadoras e participativas. É diretor da Associação Janusz Korczak Brasil.  

 

Este artigo é de responsabilidade do autor e não representa, necessariamente, a opinião do Instituto Rodrigo Mendes.  

©️ Instituto Rodrigo Mendes. Licença Creative Commons BY-NC-ND 2.5. A cópia, distribuição e transmissão dessa obra são livres, sob as seguintes condições: você deve creditar a obra ao autor, licenciada por Instituto Rodrigo Mendes e DIVERSA.    

 "
Sobre o Diversa — O que é o projeto,https://diversa.org.br/sobre-o-projeto/,"O DIVERSA é uma plataforma digital voltada à construção e ao compartilhamento de conhecimentos sobre boas práticas de educação inclusiva. Seu público-alvo inclui educadores, gestores escolares, técnicos de secretarias de educação, familiares de estudantes e outros profissionais comprometidos com o tema. A plataforma reúne relatos de experiência, estudos de caso, pesquisas, artigos, notícias e materiais que podem apoiar redes de ensino interessadas em oferecer uma educação de qualidade para todos os estudantes, respeitando suas especificidades.",
O que é educação inclusiva?,https://diversa.org.br/educacao-inclusiva/o-que-e-educacao-inclusiva,"A educação inclusiva pode ser compreendida como um conjunto de processos políticos, pedagógicos e sociais que buscam garantir o direito de todos os estudantes à aprendizagem. Essa perspectiva exige o compromisso da comunidade escolar e a transformação de práticas tradicionais que tratam os alunos como se todos aprendessem da mesma forma. A proposta inclusiva considera as diversidades intelectuais, físicas, sensoriais, sociais, raciais e de gênero, buscando eliminar barreiras e ampliar a participação de todos.",
Quais os princípios da educação inclusiva?,https://diversa.org.br/educacao-inclusiva/o-que-e-educacao-inclusiva/quais-os-principios-da-educacao-inclusiva/,"Os princípios da educação inclusiva ajudam escolas, famílias e profissionais da educação a avaliarem se suas práticas realmente garantem o direito à educação para todos. Entre os princípios apresentados pelo Instituto Rodrigo Mendes estão a ideia de que toda pessoa tem direito à educação de qualidade, toda pessoa aprende, cada processo de aprendizagem é singular, o convívio no ambiente comum beneficia todos e a educação inclusiva diz respeito a toda a comunidade escolar, não apenas aos estudantes com deficiência.",
Qual é o histórico da educação inclusiva?,https://diversa.org.br/educacao-inclusiva/qual-e-o-historico-da-educacao-inclusiva/,"A história da educação inclusiva envolve diferentes formas de compreender a deficiência e o direito à participação social. O Portal Diversa apresenta paradigmas como exclusão, segregação, integração e inclusão, mostrando que a perspectiva inclusiva representa uma mudança importante: a escola deixa de exigir que o estudante se adapte sozinho a um padrão e passa a assumir a responsabilidade de eliminar barreiras, oferecer oportunidades e reconhecer a educação como um direito humano fundamental.",
Quem são as pessoas com deficiência?,https://diversa.org.br/educacao-inclusiva/quem-sao-as-pessoas-com-deficiencia/,"O conceito de pessoa com deficiência mudou ao longo do tempo. Na perspectiva inclusiva, a deficiência não é entendida apenas como uma característica individual, mas como resultado da interação entre impedimentos de longo prazo e barreiras existentes no ambiente. Essas barreiras podem ser arquitetônicas, comunicacionais, pedagógicas, tecnológicas ou atitudinais. Assim, a inclusão exige que a sociedade e a escola modifiquem suas estruturas para garantir participação plena e igualdade de oportunidades.",
O que muda na educação especial com a perspectiva da inclusão?,https://diversa.org.br/educacao-inclusiva/qual-e-o-historico-da-educacao-inclusiva/o-que-muda-na-educacao-especial-com-a-perspectiva-da-inclusao/,"Com a perspectiva da inclusão, a educação especial deixa de funcionar como um sistema separado ou substitutivo da escola comum. Ela passa a ter caráter complementar, suplementar e transversal, apoiando o ensino regular na eliminação de barreiras à participação dos estudantes. Essa mudança reforça que estudantes com deficiência, Transtorno do Espectro Autista e altas habilidades ou superdotação devem estar matriculados na escola comum, com acesso a recursos, serviços e estratégias que favoreçam sua aprendizagem.",
O que é Atendimento Educacional Especializado (AEE)?,https://diversa.org.br/educacao-inclusiva/o-que-e-o-atendimento-educacional-especializado-aee/,"O Atendimento Educacional Especializado, conhecido como AEE, é um serviço da educação especial que identifica, elabora e organiza recursos pedagógicos e de acessibilidade para eliminar barreiras à participação dos estudantes. Ele deve complementar ou suplementar a escolarização, nunca substituir a sala de aula comum. O AEE deve ocorrer de forma articulada com professores, equipe pedagógica e famílias, contribuindo para a autonomia e a aprendizagem dos estudantes público-alvo da educação especial.",
Como o AEE contribui para um planejamento pedagógico inclusivo?,https://diversa.org.br/educacao-inclusiva/o-que-e-o-atendimento-educacional-especializado-aee/como-o-atendimento-educacional-especializado-pode-contribuir-para-um-planejamento-pedagogico-inclusivo/,"O Atendimento Educacional Especializado pode contribuir para o planejamento pedagógico inclusivo ao ajudar na identificação de barreiras e na escolha de recursos, estratégias e formas de participação. Embora atenda diretamente estudantes público-alvo da educação especial, o trabalho do profissional de AEE pode beneficiar toda a turma, pois as estratégias pensadas para um estudante muitas vezes ampliam as possibilidades de aprendizagem de outros alunos.",
O que são Tecnologias Assistivas (TAs)?,https://diversa.org.br/educacao-inclusiva/o-que-sao-tecnologias-assistivas-tas/,"Tecnologias Assistivas são produtos, recursos, serviços, técnicas, estratégias e práticas que ajudam a ampliar habilidades funcionais de pessoas com deficiência. No contexto escolar, elas podem contribuir para mobilidade, comunicação, acesso à informação, participação e autonomia. Podem ser recursos simples, como adaptações em materiais escolares, ou tecnologias mais complexas, como leitores de tela, softwares, equipamentos de comunicação e outros instrumentos de acessibilidade.",
O que é a Lei Brasileira de Inclusão (LBI)?,https://diversa.org.br/educacao-inclusiva/o-que-e-a-lei-brasileira-de-inclusao-lbi/,"A Lei Brasileira de Inclusão, também conhecida como Estatuto da Pessoa com Deficiência, busca assegurar e promover, em igualdade de condições, o exercício dos direitos e das liberdades fundamentais da pessoa com deficiência. Na área da educação, a LBI reforça o direito à matrícula, à participação e à permanência em escolas regulares, tanto públicas quanto privadas, além de prever acessibilidade, profissional de apoio quando necessário e combate à discriminação.",
O que é avaliação na perspectiva inclusiva?,https://diversa.org.br/educacao-inclusiva/o-que-e-avaliacao-na-perspectiva-inclusiva/,"A avaliação na perspectiva inclusiva parte da ideia de que todos os estudantes aprendem, mas cada pessoa possui um processo singular de aprendizagem. Quando um aluno apresenta dificuldades, a escola deve investigar quais barreiras podem estar impedindo sua participação e seu acesso ao conhecimento. Essa visão desloca o foco da limitação do estudante para a responsabilidade da escola em diversificar estratégias, flexibilizar práticas e buscar formas mais justas de acompanhar o desenvolvimento de cada aluno.",
O que é a Lei Brasileira de Inclusão (LBI)?,https://diversa.org.br/educacao-inclusiva/o-que-e-a-lei-brasileira-de-inclusao-lbi/,"A Lei Brasileira de Inclusão, também conhecida como Estatuto da Pessoa com Deficiência, é um marco legal brasileiro que busca assegurar o exercício dos direitos e das liberdades fundamentais das pessoas com deficiência em igualdade de condições. No campo educacional, a LBI reforça o direito à matrícula, à permanência, à participação e à aprendizagem em escolas comuns. A lei também combate práticas discriminatórias, como a recusa de matrícula, a cobrança de valores adicionais e a falta de recursos de acessibilidade necessários para garantir a inclusão escolar.",
O que é a Política Nacional de Educação Especial na Perspectiva da Educação Inclusiva?,https://diversa.org.br/educacao-inclusiva/qual-e-a-legislacao-atual-sobre-educacao-inclusiva-no-brasil/o-que-e-a-politica-nacional-de-educacao-especial-na-perspectiva-da-educacao-inclusiva/,"A Política Nacional de Educação Especial na Perspectiva da Educação Inclusiva, criada em 2008, é um marco para a garantia da matrícula de estudantes com deficiência na escola comum. A política orienta que a educação especial integre a proposta pedagógica da escola, eliminando barreiras para a participação de estudantes com deficiência, transtorno do espectro autista e altas habilidades ou superdotação. Também define o Atendimento Educacional Especializado como serviço de apoio à escolarização, sem substituir a sala comum.",
O que é a Base Nacional Comum Curricular (BNCC)?,https://diversa.org.br/educacao-inclusiva/qual-a-importancia-do-curriculo-na-educacao-inclusiva/o-que-a-a-base-nacional-comum-curricular-bncc/,"A Base Nacional Comum Curricular define as aprendizagens essenciais às quais todos os estudantes têm direito ao longo da educação básica. Na perspectiva inclusiva, a BNCC deve ser compreendida como referência para garantir acesso ao currículo comum, sem excluir estudantes com deficiência, transtorno do espectro autista, altas habilidades ou outras especificidades. Isso significa que a escola deve organizar estratégias, recursos e formas de participação para que todos possam aprender a partir de suas possibilidades.",
Como a Base Nacional Comum Curricular (BNCC) contribui para a educação inclusiva?,https://diversa.org.br/educacao-inclusiva/qual-a-importancia-do-curriculo-na-educacao-inclusiva/como-a-base-nacional-comum-curricular-bncc-contribui-para-a-educacao-inclusiva/,"O conteúdo explica que a BNCC contribui para a educação inclusiva ao afirmar que todos os estudantes têm direito às aprendizagens essenciais. A inclusão não significa oferecer um currículo inferior ou separado para estudantes com deficiência, mas garantir acesso ao mesmo currículo por diferentes caminhos. Para isso, a escola precisa diversificar estratégias, flexibilizar práticas, produzir materiais acessíveis e reconhecer que cada estudante pode demonstrar aprendizagem de maneiras distintas.",
O que são as Salas de Recursos Multifuncionais (SRM)?,https://diversa.org.br/educacao-inclusiva/o-que-e-o-atendimento-educacional-especializado-aee/o-que-sao-as-salas-de-recursos-multifuncionais-srm/,"As Salas de Recursos Multifuncionais são espaços existentes em escolas de educação básica onde ocorre, preferencialmente, o Atendimento Educacional Especializado. Esses espaços contam com equipamentos, materiais pedagógicos e recursos de acessibilidade que ajudam a eliminar barreiras e a potencializar o processo de escolarização dos estudantes. A função da sala de recursos não é separar o estudante, mas oferecer apoio para sua participação na sala comum e nos demais espaços escolares.",